L1_mm,L3_mm,L4_mm,theta1_deg,theta2_deg,mu,CL,CT,CL_CT,BF
42.11226043951444,141.50780560780123,156.61141402080088,19.206052639418814,139.87811645304225,0.36430853217692716,1.5159736701232776,0.5312035303826407,2.8538471290491603,2.047177200505918
36.0023886029801,142.45606967847363,157.37871886367324,27.53099228124209,146.37258403951535,0.07767563225390299,0.18886134911779295,0.1520030862397141,1.2424836481277237,0.34086443535750705
44.70356134879919,139.10088619193365,157.43556585801173,21.655455225564303,138.60890830425967,0.09757766396036355,0.23612123462863152,0.18302046965779317,1.2901356611647032,0.4191417042864247
38.84172368828008,141.3468416780044,161.18241912259916,35.5529094806374,148.8005860395121,0.16448740760753724,0.4493857757497074,0.2817279163026132,1.5951055956663074,0.7311136920523206
42.762216165029265,140.12902680646076,158.80533278996273,27.339123924684255,136.77691421015865,0.3434109328663652,1.2805695487231805,0.49748711913663296,2.5740757890285737,1.7780566678598135
43.08255237844092,138.78516245133784,154.51674174641863,31.4325908058793,137.77060888377449,0.3428836850243205,1.3155379004482657,0.49001362416262373,2.6846965789907715,1.8055515246108893
44.29870078494665,141.78262147536887,154.6377309065095,35.42660372010635,147.93125696162255,0.3633085626313798,1.603451694152057,0.5077427150006012,3.1580003942551067,2.111194409152658
43.612997348979974,139.2034381667931,158.21167740198604,18.703904712850065,140.4722504324194,0.07894908516362442,0.1878150908181417,0.15264660663704463,1.2303915229816993,0.34046169745518634
42.25317504496025,140.81930123758195,155.67800091797525,23.91985275460498,137.58426151244996,0.26641730220019283,0.8722157875372208,0.42040231331583394,2.0747169078538223,1.2926181008530548
36.76294834621373,139.60109635484488,159.91541084224463,33.02862517608094,153.83720406003744,0.23265991447426243,0.7491107524677733,0.3728879722739168,2.008943189826166,1.12199872474169
38.2833159703821,140.8226445189693,161.0043476389352,36.64470002285168,140.92730563359999,0.23740624720976972,0.7170983783517239,0.37248946883162837,1.9251507448009615,1.0895878471833522
40.02440792839255,140.2734802495097,156.81969182165432,28.091265652215355,153.1157083065436,0.3557570149746964,1.587788420764911,0.5101319737348716,3.1125051996645174,2.0979203944997824
43.37146596926732,139.84383030257067,160.8394169725831,23.61437232215956,136.99412812484468,0.05431832921984559,0.12192352611341455,0.10628424676144828,1.147145789037468,0.22820777287486282
43.23442967847659,142.76108050895448,157.54335686459672,32.7918722627712,143.82371959230667,0.2564415594780323,0.8328384481992827,0.40103867828968726,2.076703553260985,1.2338771264889699
44.729772879268666,138.71954976069614,157.97277640649403,27.03076245539497,135.81677456441932,0.11282463432871384,0.27320626231752854,0.20445261131341597,1.3362815987647942,0.4776588736309445
35.69847687897287,139.20651839812462,159.79553843724426,21.67237957547807,148.03396975821704,0.3248794010924084,1.2738569174651555,0.4860496084855272,2.6208372462933203,1.7599065259506828
42.926381873894464,142.02956175040342,160.1588199409788,28.32076204670901,149.44182838618585,0.26465510250316626,0.8916811127426151,0.41428863148102246,2.152318564849301,1.3059697442236375
44.2773413003854,139.60515411811326,155.55221249096033,19.84566219621682,138.69101276995713,0.3894047154533542,1.7046700843162943,0.5504547921559826,3.0968393928220017,2.255124876472277
42.659036090378464,140.3404869880173,159.63544223710167,28.375952732704093,139.85388086751698,0.23039727315087033,0.6885091371352193,0.37019748941774194,1.8598428050339504,1.0587066265529612
39.28823227217061,140.46571692857955,158.12241480470163,20.345610740880982,150.8113581392045,0.11803044190575415,0.31006691332560155,0.22180807064662728,1.397906363017708,0.5318749839722288
44.90415902031087,139.23675076699223,153.9991555567886,18.971683851956588,149.51916771652276,0.29132710321326444,1.084657676372862,0.4507207294585262,2.40649609720839,1.5353784058313882
40.99670138787667,142.25427737905568,160.37896597032278,19.068247108556445,135.37658814062925,0.32092620795856813,1.144910003329493,0.48859515658331737,2.343269244287439,1.6335051599128103
41.134189388603,140.37326565097734,160.42409084508517,36.0195439225794,147.44082881573516,0.38618119379707005,1.734358750765829,0.5251639686850633,3.3025090337184007,2.2595227194508922
43.2421726477275,138.9945863500004,152.65513341669163,20.97018586011291,149.1412434709005,0.07744989518166838,0.19058748807101622,0.15253530612992097,1.249464749549095,0.34312279420093716
38.30526510598943,141.66366512168455,154.48668431002656,26.54958655195057,145.9712217707939,0.15499243577204191,0.43125319267708984,0.27678929496225263,1.558055894957579,0.7080424876393425
40.33173708075806,142.4755191961408,160.67859750911,26.76891927712922,150.0778284851773,0.2342147159674361,0.7474130138159997,0.3813372759354023,1.9599788978998471,1.128750289751402
43.41718766216161,142.81170288682654,156.05273005385712,30.544627050161644,136.13784518108088,0.37377939585420183,1.5307218305894807,0.5278140477770166,2.900115745377354,2.0585358783664973
42.52769786009105,139.41981293721912,155.05445147530608,30.35258155432275,152.54340420513736,0.2621671119847775,0.9120247446403242,0.4087040819500238,2.2315038799926796,1.320728826590348
44.80682861107177,139.17023550302466,159.9270908216186,26.269698857415367,142.01488069818865,0.1511723847504829,0.3944125936539409,0.26375249136065365,1.495389073366603,0.6581650850145946
41.98835392182418,140.31977544690304,160.77564902939997,34.08015248871888,145.2621664546749,0.05638798719319007,0.1270927840073436,0.10902454556480677,1.1657263357433272,0.23611732957215037
36.77109207509122,139.6355327668015,155.12481141639614,21.353681418963383,136.82455975135778,0.3563684185578913,1.4476826888318612,0.5216159356312803,2.7753804857971187,1.9692986244631414
41.02626342271127,141.8395276666597,160.19253210388652,29.694750789681542,136.90126373698934,0.19026566029874803,0.5246242496623604,0.3191012466019545,1.6440683176545983,0.8437254962643149
42.61877242067588,142.7308444366394,155.06846715683375,21.496414633836846,135.78801234416957,0.3979439032857069,1.7708830505510622,0.564547082782846,3.1368208331212566,2.335430133333908
40.83803565334286,138.24344838163552,153.54222595161758,26.18056347147878,144.78998517627596,0.1699996358741071,0.47826480195286847,0.2944284494011459,1.6243837948596251,0.7726932513540143
37.79986063712292,139.00385171985002,160.95868177782214,36.70644682652774,137.25756334990743,0.2881727845239328,0.9402396422744783,0.4275399756103956,2.1991853298211597,1.367779617884874
38.00305737564357,142.5770944169539,158.8480022434834,19.443917509476353,144.7256918574077,0.32869135559862955,1.2926626403150259,0.4972299841975235,2.599727855111647,1.7898926245125493
40.208689422484426,141.14938123098176,157.04072437448994,34.7520484361235,147.3339810261644,0.16777899558412696,0.4658260388782466,0.2875210131513116,1.6201460678392214,0.7533470520295582
44.56337135787236,138.61522188371478,156.1871355377312,26.84150383141376,152.09950281017228,0.31195568068518564,1.2084369285613097,0.4633266206352213,2.608175042704305,1.671763549196531
42.403660248883185,141.21947051298125,159.84859660402935,24.471617713613675,154.22067536175715,0.14814138510636798,0.4073949500982626,0.26617158514797556,1.5305726562501976,0.6735665352462381
37.400669767783995,139.84597819542194,153.50532618398444,30.864304731014958,152.63964326432045,0.15321179960113201,0.4321825056155749,0.2723358560612376,1.586946764433377,0.7045183616768125
43.07170571385117,140.49601591455837,157.46767359258033,29.109384608188016,153.367879683586,0.12529629136617842,0.3291926889315143,0.22882720934678305,1.4386081527246588,0.5580198982782973
42.433968928426616,141.63793714215365,155.57625815956592,22.37148235827253,143.8069613794884,0.2348463782788867,0.7484860040471961,0.38508906677961985,1.9436698380105981,1.133575070826816
38.54546103117924,138.90876080218524,158.49763337637003,37.38507971439513,148.84366862473152,0.2998631526720511,1.0964714744569632,0.44065427502449767,2.4882805786827014,1.537125749481461
44.69933441143045,138.31702783168123,155.18853826755807,25.28350671619087,141.6337933065215,0.3922496448234601,1.758592888664541,0.5423289947289269,3.2426680220989126,2.300921883393468
40.810790295275126,138.44917234138632,160.10715279917662,19.91692773209616,139.5976901987267,0.08324259819428226,0.19761881445511992,0.1592345569045018,1.241054820616849,0.3568533713596217
36.899446045908356,141.74412679264532,153.78946618067374,22.28817712367778,148.46638570946402,0.2857622293401088,1.07169207864602,0.4491900816788341,2.385832017128704,1.5208821603248541
42.26682008903048,142.6724773688149,153.72124995057766,21.502977367463558,153.25913049875976,0.3467364755566412,1.5623472447496705,0.5132747269347793,3.0438811084267443,2.0756219716844497
40.047632551288956,142.08375306212085,154.74428767348257,28.211674751485937,144.63901491760146,0.14716923505153917,0.39941220457379134,0.26352789072547456,1.5156354170871114,0.6629400952992659
41.39476247051282,138.6044916404855,161.3416654144621,36.698960762670694,145.08150316261964,0.28271531040044706,0.9446032768285997,0.4199368291724418,2.249393744983273,1.3645401060010416
43.05156425048402,141.41548673428036,153.46020429319412,34.60395948239453,147.68441044918458,0.12677513085340159,0.33077453892424336,0.22881997009456986,1.4455667430929928,0.5595945090188132
42.30221003645422,142.12932723895793,157.44463931964052,18.98971554259619,138.64284855711756,0.11388802022204228,0.28822336755528366,0.2137836036964057,1.3482014643395661,0.5020069712516894
35.496149105038995,142.16680218364382,158.447335366825,33.19720463178092,151.69044245451954,0.2864540887209918,1.0530159727497124,0.4380470744328772,2.4038876965746474,1.4910630471825896
43.907674300594714,139.48816244094942,155.30633607550175,21.753450088711748,148.05241071840547,0.2433099898290904,0.7989137457036202,0.39319483482550893,2.031852086912994,1.1921085805291292
39.89703123525429,139.94025571036642,159.33083651980462,34.710381791434,144.4534327758999,0.2388125978235595,0.740048393475448,0.3756314694063423,1.970144819455728,1.1156798628817903
36.041514395112266,139.2867370632972,158.27195608172053,32.549345554478684,137.98734164741464,0.2668991455350362,0.8589373620037976,0.41104644024706594,2.08963581216643,1.2699838022508634
37.6126510683769,138.34398797703437,160.82305201871182,27.94278561863348,137.65735794325397,0.14743496709081036,0.37827561971395873,0.257738234383924,1.4676736675028337,0.6360138540978828
36.0890490425177,142.35637142185865,160.21915506781176,34.66128120354598,141.35725184139923,0.17671439191393185,0.4856159791277237,0.2995903056596047,1.6209335547709005,0.7852062847873285
42.90199115823915,141.62203158997767,156.53217375895372,24.06409770322034,148.70107945874366,0.12061131582615629,0.31494857481838245,0.22403101030914793,1.405825802346623,0.5389795851275304
35.29409924104642,139.22452475401218,160.75383834299976,24.496574173918145,154.64870098777055,0.32314964932008816,1.3047114038744383,0.4818274141561057,2.7078397067953652,1.786538818030544
37.165340148470186,139.90738684112245,153.57236076609993,27.28401510566976,135.6901569356885,0.3297901422954671,1.2498126909565859,0.4881916841388504,2.560085989914398,1.7380043750954361
36.470687637643096,139.9944013320575,154.258828964341,27.558245819761787,143.0668427342992,0.1282534870947234,0.336122667905796,0.2344065939365643,1.433930088147428,0.5705292618423603
36.352256785838584,141.33664384293346,158.8866636224167,37.56203266905277,145.94474935705858,0.15665531277068145,0.4221442650533515,0.27029555819244755,1.5617876515484184,0.6924398232457991
41.55635807982228,142.82342780009898,161.96842388351374,33.297044332549156,142.58127745073247,0.35154673358698046,1.3712273344589971,0.5004650337620145,2.7399063709834626,1.8716923682210116
43.86616680177222,139.54135157145663,160.52447006934747,37.36127720026323,147.7043939701218,0.1933322206525564,0.5461970233377365,0.31536980544426857,1.7319255487008225,0.8615668287820051
44.136236405265194,140.99006684227538,153.01282239763995,22.460976106799922,146.67763042845567,0.25025231321228325,0.842323803510463,0.40349726470722735,2.087557654502671,1.2458210682176905
39.55362926116009,138.96439039160833,154.9441174200003,24.36627807269789,153.97975394628222,0.3186409887133554,1.3085489649663058,0.47685984737728054,2.744095507649257,1.7854088123435863
44.631746004888036,141.04852320487328,152.855414519182,24.231153717458643,151.55396145217114,0.19282854533656957,0.5868287669202196,0.33047490463627005,1.775713552489257,0.9173036715564896
39.102187059645686,142.69944705794504,157.93002965342163,26.142415999513844,135.05432183124273,0.3241070861971187,1.1753412108369141,0.4859992866431664,2.4184011029215378,1.6613404974800805
41.31893580468129,141.12000447634765,153.75334315263893,36.566997499688824,154.3181911854603,0.11338603831038618,0.2949095391091798,0.20925049498513654,1.4093612496836758,0.5041600340943163
44.74971000496795,139.6537958597098,157.69856978124832,24.744464641186156,140.17603591545574,0.21068127662050418,0.6135852126392155,0.3476432708233247,1.7649851561517633,0.9612284834625402
44.393437309606725,142.60981918644754,161.44994570165872,20.278966841659713,151.32788149644705,0.07981948136619921,0.1948129233784144,0.1563831913894556,1.2457408091465128,0.35119611476787005
37.32761447179372,138.7207529557854,153.77942768059847,23.443980722927165,143.14144409139655,0.3734797620603135,1.6778158943762356,0.5323344898146413,3.1518076068309058,2.210150384190877
37.72301879216021,142.28581009890672,156.23959848700454,25.83596435778562,141.65750152641388,0.39597341415343246,1.843741185603752,0.5559009701257315,3.3166720057832277,2.3996421557294836
41.52254811871671,141.79184994077713,155.62148868900238,26.47689574015118,138.12530757816128,0.1843324354781959,0.5188416443637557,0.31549632366876607,1.6445251669825423,0.8343379680325218
38.377292412486824,142.2814504765136,157.670197952151,25.24776912788046,147.99890999370018,0.06798429186052538,0.16341818890296006,0.13511168865933934,1.2095044516465976,0.29852987756229943
42.2395764944842,140.90057927144318,157.45290421714898,24.93653744307155,147.7781655798835,0.21758576336989188,0.6712896349613329,0.3602263218834469,1.8635218866058658,1.0315159568447798
36.71019972820446,138.38270719678772,158.2421591905166,28.507271833157844,144.46855173700084,0.2700992044108672,0.9083585523129163,0.41795925655000105,2.173318422974676,1.3263178088629173
39.76053975546442,140.27849328683743,159.5142198278419,22.966004481108218,147.3870153368951,0.2495207919566066,0.8162265261732866,0.40073802950508663,2.036808253964143,1.2169645556783732
44.5585156101008,139.38245823630777,159.7759596560926,21.59051662541035,143.31761564947604,0.25470306688654454,0.8137451118115895,0.4042025331938084,2.013211311126079,1.2179476450053979
39.717219244542186,141.1684764769812,153.7657209678632,31.307780249059267,141.46730741765163,0.15030586618619507,0.4039596622298707,0.2651446540981799,1.5235444350323928,0.6691043163280506
42.96591216890572,141.58891185736653,160.70411693751592,23.653659181773655,135.41927880331446,0.18915355998454514,0.5201668102716042,0.3212612854688116,1.6191394164178008,0.8414280957404158
43.2052586732491,141.79887203565897,158.7542754206688,31.128684561991363,137.0259599563778,0.09457321803122959,0.2240098572352946,0.17525601859370715,1.2781863871654677,0.39926587582900175
38.36347566943479,139.2184189292409,161.16212567778015,18.169017112328007,148.2713716360964,0.12293089563167064,0.3197779324867624,0.22815871310243382,1.4015591521293134,0.5479366455891962
39.6963934266555,141.25243630377696,158.2326329431152,25.022271942265526,153.9015788560541,0.37077372847618595,1.7311736819960784,0.5297120099517905,3.268141271997276,2.260885691947869
35.4347972488526,140.5460006479462,161.11685549308257,19.163252352753098,143.01011716706967,0.19835945014648265,0.5808421952256426,0.3393303953876936,1.711730523173486,0.9201725906133362
35.30927940852927,140.4457900339448,153.38944432083093,23.554387771277327,151.95331739918998,0.16263945194418294,0.4749559866609272,0.2917962005150744,1.6276976390458198,0.7667521871760016
38.91686106630198,140.8362865371664,158.3698531715644,20.823456531509585,150.5228690395285,0.317969708449383,1.257173664080964,0.4816265475474785,2.6102665446551874,1.7388002116284427
36.838463871009395,138.32199579796028,155.72880327444136,26.052701612778435,146.320831416382,0.13190158743459574,0.34827179911021217,0.23956921133688633,1.4537418943224152,0.5878410104470985
40.842278951086456,141.8034451924504,159.98312334950833,34.12589187269032,154.1322431660967,0.29232568897789485,1.0789989314702142,0.4403850237448056,2.4501263060559313,1.51938395521502
43.51989272355024,139.008954711707,157.47474911697032,18.276724973914835,148.95668186264248,0.3808072934983074,1.7499464502588022,0.5410612098103427,3.2342855457559194,2.2910076600691447
36.500108669973166,142.33222015285986,155.53160930269118,24.960193566713475,151.03716808222862,0.350143114035361,1.5619609009811204,0.5141437488583953,3.0379848134870806,2.0761046498395155
38.46607427284158,143.07959975358176,156.58244669827207,29.91132441945355,148.9706134613162,0.3113972644591654,1.2116474438202012,0.46864491735125285,2.585427471759098,1.680292361171454
38.988190733477694,142.1704644818892,153.58955350911026,24.395342954301128,136.1941588133937,0.15237843086015945,0.4115882759753239,0.2732626437007925,1.5062003001990651,0.6848509196761163
39.51413554826985,139.06753355012074,156.44915884665443,26.575126650918886,137.08312823230474,0.22652684395483258,0.6788694045616973,0.36807746100578703,1.844365592793045,1.0469468655674843
37.663508509498655,142.21664898372325,159.3423709698096,19.63883783036557,143.53266783230134,0.14571116539765844,0.39373605085551044,0.26521033350976386,1.484618060106677,0.6589463843652743
37.026615435167024,139.96577760563358,161.61517427491412,28.944627448210813,141.9429596896624,0.29797332298098383,1.0307984519108795,0.4489609198558292,2.295964762906069,1.4797593717667086
40.42090447756129,142.20206438029732,152.93149725701167,24.33318818408817,141.61002366082937,0.1415140061356484,0.3820745622868835,0.2575328499759763,1.4835954416010422,0.6396074122628599
35.59895020284104,140.2180072374665,160.8408266232745,34.1473833551927,138.17644986835126,0.29383140052753665,0.987390801303215,0.43948249718307353,2.24671245756552,1.4268732984862886
41.798083969903374,138.839875884341,160.12072539541495,35.991035853434866,153.51384929855158,0.2485905329829548,0.8134989511891049,0.3855464475870212,2.109989487078573,1.199045398776126
41.179926855437074,139.048609889467,154.75296966534302,29.127324604538614,137.22036388104914,0.0928328748016197,0.22221073356751642,0.17348521863636193,1.280862630915472,0.3956959522038783
43.60522494126372,138.7011928371841,161.71096672128036,24.445586081065635,146.00073577552902,0.18622629819024167,0.5218325932168812,0.3143147741845337,1.6602229232486354,0.8361473674014149
43.91133198561738,142.5194294796441,161.32267586497005,37.97119822600945,135.50893792395178,0.21427106415668118,0.5986013465740989,0.3418742647755774,1.750940062619365,0.9404756113496764
35.04030184883295,143.09007710959284,154.91711771754512,31.92532493005124,150.4850003292413,0.3988287274985404,2.0869666367225124,0.5519597378152468,3.7810124430145784,2.638926374537759
35.18876130225136,142.64979526519858,152.1222265687247,19.750206005163662,136.4402891966101,0.33193725929033224,1.3218106647355072,0.5056997533137976,2.6138250139016685,1.8275104180493047
39.110220830209265,139.50294211998903,158.4620631784944,23.118303614553763,153.86889076579723,0.348269279074555,1.514873474412641,0.5077645107606462,2.9834173958776993,2.0226379851732874
44.5407529833278,140.42588708454693,158.95963029272798,19.532545953173866,154.95902603055373,0.13046175119810993,0.35045185532672907,0.2410574186049487,1.4538107035032133,0.5915092739316777
43.35324694371332,140.94143370901844,153.1622627931725,32.442690869038884,148.54521137063048,0.25096969494276267,0.842938694655048,0.39527136944157265,2.132556921200557,1.2382100640966207
41.33951036290177,139.0938273242478,154.04378102226624,37.14283749390751,150.1799099975012,0.06871987973025928,0.16203746121832333,0.13240116485784714,1.2238371270546997,0.29443862607617044
40.263227126006356,142.40985196355436,159.14598644442447,19.002087302372328,147.4265677438229,0.0646168195728238,0.1550602312523055,0.1298919774731118,1.1937629580272089,0.28495220872541727
40.10147218870368,141.94825984288295,158.32146655328856,27.01402112697762,140.02819359498233,0.10621107097628826,0.2623494676574651,0.19781893417598512,1.3262100958650997,0.4601684018334502
44.05725174949245,140.25056721218914,159.5581240631806,19.198303768175286,144.15316146122908,0.21844882629832546,0.659547429398009,0.3629120592840637,1.8173753462454072,1.0224594886820728
35.41192568394024,141.06500628314967,157.4270363794299,26.871841160977375,154.6772635744394,0.377748794824632,1.8494302212978853,0.5358771176062647,3.451220737991565,2.38530733890415
43.21002419962737,139.6464955949494,156.60404787159587,28.612152618141565,138.48169402479428,0.3200260791913544,1.1576822357650451,0.4712708468169497,2.4565114595656503,1.628953082581995
43.53865633086687,143.028173107684,157.87932833331152,23.635960419246224,150.31964662438,0.37289135202922497,1.698457969220001,0.5343604960754029,3.1784871480850145,2.232818465295404
41.43365459735048,138.9732835376881,158.94579618228494,31.96081581454311,151.2049607375685,0.1726607001770693,0.4843481652220425,0.2939850133491962,1.647526721529619,0.7783331785712386
41.467154591248885,141.29551501600614,159.45764902883118,21.713493145389666,146.34181870371154,0.08796466028065023,0.21549136992735377,0.16958821157785303,1.270674228605966,0.3850795815052068
42.51257682050582,139.3920462760292,156.9734656079099,21.294012334169704,153.13517255876747,0.15733712767849095,0.4432991670824666,0.28070331149927386,1.5792445223205476,0.7240024785817405
40.38844558435917,138.40562842817354,153.4871675306675,19.888770212111712,143.24416051149717,0.2656756615617185,0.9106096856016938,0.4217129794316248,2.1593114986145148,1.3323226650333186
35.45561613741416,139.98761871345707,152.30005298251064,19.60650805046042,137.32370723113763,0.29573410611077333,1.0763079292648414,0.4618057229917475,2.3306509115827376,1.5381136522565888
37.822124101637705,141.21407410327524,157.79437829266263,20.69796211685371,135.5669415574687,0.3366656277001343,1.2705147772493395,0.504127161346753,2.5202267893188233,1.7746419385960923
39.704872679356995,141.37783513753567,154.6596415724858,24.300804509553416,150.2179399463174,0.2155356223173433,0.685348896586645,0.36159042732715085,1.895373452369003,1.0469393239137958
44.267539333884955,139.8396723478304,152.4854488215759,34.92967824397486,150.4537486010194,0.2984821638310988,1.1332483083858635,0.4431796613167123,2.5570855508551937,1.5764279697025758
44.43888399631751,138.63307747811007,157.33939471549172,27.806036205487803,150.19585958916952,0.38974427495092573,1.835693481637764,0.5360024909257451,3.4247853558801293,2.371695972563509
39.83605874222822,143.01791695183465,160.18998339292324,34.437758592580025,136.78274470872518,0.2631495684281209,0.8270423001801631,0.4072779784028956,2.0306580371060963,1.2343202785830587
42.37491832644187,139.58255248996747,161.04666905838988,23.37137345959707,148.56438837724946,0.21245557870282478,0.6381902399997099,0.352030421627708,1.8128837759215937,0.9902206616274178
43.557396514565845,141.39338754779516,157.18757517146972,23.070402731988978,153.20633483284684,0.1468701114935878,0.40629831711944625,0.26561453921455214,1.52965390494402,0.6719128563339984
35.40669264257945,140.00034807691205,159.07951430710153,23.510784607895207,145.12576883916807,0.23369734109595486,0.7392655580317565,0.3821988080734314,1.934243494264698,1.121464366105188
40.90952625979995,140.26930897314182,156.8808117680647,31.879814804363576,151.81623356050378,0.22883905077048444,0.7318541787308238,0.3691502796253823,1.9825372460059283,1.1010044583562062
42.63889370532438,142.32689925356686,154.42758361091262,28.568615758991385,141.78819609234466,0.24465269763341863,0.7857784786336606,0.3922547343013845,2.003235168169867,1.178033212935045
44.82995258607088,141.7707331527033,153.97380880913573,23.1567451302779,136.5245412522373,0.36645057796037334,1.5061153100950941,0.5290702370096009,2.846720916693265,2.035185547104695
38.557457365162456,141.5154060315955,152.615455425697,31.46793151091333,144.52030700932764,0.06737346237247628,0.16056511006882765,0.13252301185228885,1.211601727312044,0.2930881219211165
35.0618684065418,143.04840800441087,157.3420078647776,35.52798532162275,145.41567288609548,0.14785509086717377,0.39834553033518866,0.26136359060106457,1.5241049046621344,0.6597091209362532
40.28682364365636,139.3796094580346,153.239701652299,31.233070426891857,149.57961931704364,0.1440920792848464,0.39247980315455644,0.25658976133554934,1.5296004061568926,0.6490695644901058
36.43274816679149,140.5064595438216,157.83261419613544,36.8136569365774,146.88219961085764,0.08164215930819005,0.19484630491982388,0.15451276174758477,1.2610369701250232,0.3493590666674087
39.468739736582535,140.63928140669273,159.1530690457307,22.39654112127116,154.00985414596835,0.24285287893342494,0.8131073095071064,0.3954076314583172,2.0563773807507353,1.2085149409654237
44.719959923952665,141.9899171009905,156.3800691541807,33.908307223317316,138.29746180048963,0.3902359442300861,1.6798289215820001,0.5349366633049873,3.140238904552831,2.2147655848869876
38.621196196998724,139.79731899793444,161.8537820797014,25.174536256169983,151.11898960607255,0.21604190133688822,0.6619192333395906,0.3571817019120973,1.853172292410683,1.019100935251688
39.58705244806797,140.3366818947667,154.28163754823157,28.77963678912171,141.10808572450628,0.17486905181110962,0.49009541850532135,0.30087281666006127,1.6289122558355005,0.7909682351653826
36.46126111502096,139.1237316774672,156.20389229866765,27.868929183198208,153.81207666999882,0.30421283273274013,1.194882450575357,0.45929723480982293,2.6015450562642974,1.65417968538518
36.572742303652845,138.9521653110234,157.41241577762815,28.26033165848014,149.311614552242,0.11421989593184008,0.2930587684735998,0.21144567796923977,1.3859766313891397,0.5045044464428395
36.51987530122059,141.89601985721845,160.54479769932954,23.73184077139279,147.2981185607382,0.3821886202524136,1.7327233481752529,0.54388827747766,3.185807490117166,2.276611625652913
44.99604992759959,140.90658709200895,154.8585062584363,30.880769007409178,154.49643116476355,0.3519801603024852,1.5720956108618942,0.5021634906402057,3.1306449795018696,2.0742591015020997
37.74141017139442,139.1604370862793,157.26787852592477,35.750603982236505,148.60533010190875,0.3289925719931662,1.310851315809982,0.4730500185251969,2.771062814661236,1.7839013343351788
44.33620947304963,142.71741490256576,158.0225828358948,31.34537728046694,140.68434079739947,0.1404505231634755,0.36225764367446966,0.24840374247945302,1.4583421330877662,0.6106613861539227
37.98895384903195,142.54048013354563,153.2413442746068,28.684038051283633,141.2580027504568,0.2693784609215215,0.9271424522330106,0.4241437352750117,2.185915705278208,1.3512861875080224
35.392563996348926,141.05988429952708,154.47020775366292,34.83245710639289,138.4656137493262,0.3797393501190292,1.6631949787385503,0.5277929284606572,3.151226340961725,2.1909879071992076
38.3460537011185,139.863404337557,159.823912588711,31.748380212525042,147.3718172004475,0.11943937883544632,0.3025119401096733,0.21669077586937935,1.3960536109392434,0.5192027159790527
41.71064618630434,140.09266179871688,160.72803257819248,21.99245588034234,137.13211786034813,0.3544541119574408,1.3540635430929244,0.5154604621943613,2.6269008826177567,1.8695240052872857
41.44837128499446,138.93157718963303,158.19660522245792,18.280902032162885,149.11512806509282,0.11786537642321332,0.3062233024695973,0.22024776132655693,1.3903582975155244,0.5264710637961543
40.12246495437,139.48059481974042,159.36721886643127,32.075958237967086,140.41628467730257,0.2458172956945217,0.757520676114938,0.3853062901099746,1.9660220856989528,1.1428269662249126
38.735315833587535,140.61370280080072,158.9395482688301,30.970370173193473,150.2408133530473,0.22477161827973657,0.7044864571645836,0.36501680501801775,1.9300110227248555,1.0695032621826013
43.495044934433714,141.46944653962987,153.45747563709452,34.21410452100851,147.04470392894785,0.2750931512209574,0.9663728656574135,0.4208263863958444,2.2963694694476895,1.387199252053258
35.12098358146434,138.26507715695874,158.76017633316894,33.480940017344636,151.79856355718994,0.35725177226242527,1.5669001393096387,0.5026313186732372,3.1173945615758325,2.069531457982876
41.18695533473524,140.14223550872967,153.94903022111293,26.08308406084396,135.58766487641844,0.17546017245919426,0.483650048921267,0.30241691872014104,1.5992823780102081,0.786066967641408
44.44834688676633,141.208733722628,153.02839687975018,20.662961336844106,154.20831544279878,0.2985927047003682,1.178712962594366,0.46140213721172313,2.5546326458680686,1.6401150998060892
36.9670396713709,142.65814373681457,157.65595145035573,30.72479970056512,148.5045529402465,0.2060276152653701,0.6275743794590165,0.34475029606791663,1.8203737215511566,0.9723246755269331
44.030584611432616,142.30939672331277,156.57103877917575,21.117992087087003,136.75470920377697,0.28875373251237624,0.9847651287982159,0.4501498551282604,2.1876384443523333,1.4349149839264763
40.31820507927654,140.91793216034347,156.98550140700056,24.355094820539534,148.52579509597328,0.27090203287270925,0.9467865483594491,0.42623098928443254,2.2212991832173876,1.3730175376438816
36.42125424860144,141.7483033892713,155.09469149605712,21.175031871922688,140.955104069969,0.29529356107800186,1.0759190594361132,0.4603848032925495,2.336999509413488,1.5363038627286627
38.27059980989193,139.10556005585698,160.16222641286672,33.589646769574244,140.61018784168976,0.18071458901683612,0.4922588240386526,0.3017606350885226,1.6312890642420828,0.7940194591271752
44.21463431986423,138.2028271845765,154.54868245167108,30.257486722942627,146.92095500568308,0.2685812892341448,0.9140776660937495,0.41243395616508516,2.216300700827531,1.3265116222588347
43.790467944750944,140.52418211561147,158.6244558344796,21.39584565493297,149.93493630787748,0.2739894808974336,0.9563545130547256,0.4299954685819061,2.2241037009266944,1.3863499816366318
42.8588104668926,141.32041575796185,152.89678467008517,34.78783741576171,145.3306997173602,0.22170984206416416,0.6884005549192135,0.3582424299022476,1.921605308190476,1.0466429848214611
39.91468113908654,140.17406380527692,157.4001139610148,24.643633842625924,142.90516770734536,0.06138593424604512,0.14316939141335727,0.12125562043464036,1.180723754496221,0.2644250118479976
36.458471228778734,138.87539667070862,160.51658612932619,31.898997866206063,153.0731519264638,0.2884219400393265,1.0464322313727912,0.43591021839399957,2.400568252857446,1.4823424497667907
38.773772912550115,143.04124580707628,158.06206364616136,21.13576090777839,150.40152433367814,0.07924670363897787,0.19679188745331244,0.15735978512357446,1.2505856391375472,0.3541516725768869
40.45360986350736,141.87998845613708,155.38006631501588,24.534382072280717,142.9387587378692,0.27908960828546225,0.9751062400760124,0.43675465656730783,2.2326178448557417,1.4118608966433204
39.75870969942818,141.7042383664492,157.5236771718697,28.072141452168594,145.9815629509969,0.05023829522688718,0.11586632368643865,0.10083381030821824,1.1490820720973511,0.21670013399465687
35.98273819871616,142.09269450284924,158.99340048698872,32.82800609286568,138.45054432054482,0.10811747861688145,0.26477735700376204,0.19862586807809887,1.3330456881862571,0.46340322508186094
43.89657286357245,142.91411382249376,159.3532190593912,29.84307984877384,146.2791949252012,0.05684262855905207,0.13088358380755707,0.1120651771788954,1.1679237663509057,0.24294876098645246
38.06107512310313,139.0962519069054,161.41008192283502,23.829371723768055,151.12680008562398,0.10519413190160173,0.26514164595311196,0.19762321313503858,1.3416523380375216,0.46276485908815057
39.20052464400334,141.2431683225572,158.51261489287313,27.831937195917618,150.34876362139875,0.09174807611274247,0.22753977031846453,0.17544100956913264,1.2969588517375827,0.4029807798875972
40.084910658482485,138.17046456836545,153.64580699012072,28.547058564037133,147.533152751334,0.08695714516611915,0.2130669806281532,0.16601361438704293,1.2834307681020087,0.37908059501519614
41.83559949891767,138.74937096490845,160.6890827632094,24.206650201537066,140.62688964523315,0.07391798160002647,0.17158260216857762,0.14152700200123414,1.2123665430790471,0.31310960416981176
41.16980233554657,138.25836726578666,156.6980219015274,28.244436971549117,143.60278739197207,0.25921366186797085,0.8467084524998454,0.40419325470241046,2.094810941670066,1.250901707202256
42.64332150841152,139.72935318598272,158.697248474744,29.95722691007533,139.614329584668,0.060613842208427755,0.13712475127994855,0.11690122213766117,1.1729967298243678,0.25402597341760974
38.120896730898146,140.51898738796038,159.68457920965048,26.745972177975133,148.24094155063028,0.26083647883098954,0.8757486456749798,0.41153116853448335,2.1280250747316076,1.2872798142094632
42.337448930689725,139.45187260921543,155.23679508838322,36.500477432186166,141.89200647729672,0.10996010029773365,0.26939987846177416,0.19846560752429881,1.3574134169759897,0.46786548598607297
40.53976772417653,142.17799969276933,155.34124892386677,22.327795451111335,148.33112114227208,0.3055224218751975,1.178360281464943,0.46903879427151723,2.512287460774116,1.6473990757364603
35.79146015623853,138.72838892163088,158.7345545159796,22.31020351487815,147.1273559499977,0.24028306105656444,0.7770113436434701,0.3900357261912601,1.9921542860472492,1.1670470698347302
38.43755794999234,139.22543664082372,156.350761255005,28.34313354228476,147.6404359113847,0.09138925296597712,0.22500359180626922,0.17369985342311672,1.2953585588709815,0.39870344522938594
36.09235332771438,138.6761870495402,161.94519392369057,35.930870956109715,142.35519547447703,0.07602431328197426,0.1744262302425643,0.14219053819567037,1.2267077152667776,0.31661676843823466
39.177106798638974,140.8537109579515,152.27414038625903,34.8918003522355,142.2756228678241,0.10851438039413651,0.27222532133280813,0.19996692968669158,1.361351708301623,0.4721922510194997
43.85139430080706,141.1741615024016,158.399924929672,20.013277400629413,139.4840497832864,0.387456289146818,1.6659814023955075,0.5506526972810786,3.025466706367759,2.216634099676586
43.888616709298844,141.8561283204941,153.49884295832692,31.33219874819687,147.82002780969975,0.1272825932118692,0.3342615727160316,0.23145833484104628,1.4441544001670334,0.5657199075570778
40.16846036417422,139.53288599833726,161.0938033147403,36.061341984351735,147.20038357708933,0.05592562577719301,0.1260582618166215,0.10798889921709078,1.1673261115775035,0.23404716103371226
44.73862002482652,138.31104631013054,152.9972936784773,35.64230301880987,151.44673093485542,0.2470108543191668,0.8228118291667261,0.38420368735561367,2.1416031554250616,1.2070155165223397
43.44167470715076,142.21411821809997,154.3957650460532,29.208956301428813,143.48998467701838,0.3353598429795347,1.3352666665817423,0.49046415174158786,2.7224551719842265,1.82573081832333
42.31347313265131,140.58003978997237,153.56000578090774,25.46967081194729,146.4580960182608,0.26359525484536095,0.9083437772194302,0.4163477153132123,2.181695116391107,1.3246914925326425
40.17023335921783,138.85340836806185,157.63538791114163,24.55150446150369,135.97897161690886,0.1334147074490718,0.3387865696489565,0.23951734032609176,1.4144552924131266,0.5783039099750482
36.206466623049316,138.65606268062686,161.66167879924717,22.24357538426804,147.8116666800392,0.3568374590112157,1.48822278711536,0.5156891403981552,2.8858912676856594,2.0039119275135153
42.68251179220333,141.50099305283078,152.3750874255361,37.46213937960927,144.87712182607842,0.2848923259271194,1.0183864210614921,0.428332020201472,2.377563135677972,1.4467184412629641
37.28903904767028,139.07923237238973,155.93466159986727,26.118649630396252,135.618943857972,0.132949818439542,0.3402061479230726,0.23955798717247295,1.4201411188103557,0.5797641350955456
43.32563683340306,139.75112688059355,161.7896516164972,35.90695484787068,151.96353745365167,0.27989119970299775,0.965134609927401,0.41979385167979083,2.299067997459819,1.3849284616071917
37.75853136265179,141.9656959951319,152.6717687539005,29.389221164674716,153.4636160024141,0.36601753537290144,1.781262088802417,0.5235385478374989,3.4023513572400845,2.304800636639916
44.45605518482061,142.61131101221946,160.04742548040676,28.62495342171133,137.8699164279122,0.13093740690421812,0.3286703833628922,0.23426643610598955,1.4029768362301434,0.5629368194688817
41.09535320362143,142.7931604782989,158.3878081078352,35.3958324131713,152.72497018378857,0.18015838137818813,0.5217279977008926,0.30638121212812014,1.7028720334284742,0.8281092098290128
44.75914017649889,141.2491185431749,157.27824653488545,19.14353784754386,136.63202986753052,0.19455336403992385,0.5529921616172552,0.33246011084048316,1.6633338664877753,0.8854522724577383
43.148627887422094,139.55173230087155,156.835512704928,24.432141636466056,137.0424983160189,0.3905585415239601,1.6662454491625147,0.5463087836450172,3.050006697760171,2.212554232807532
40.64127141041226,138.65403849660484,154.50779202078792,19.9468785224181,148.13421832836724,0.17609284620422683,0.5119979389741709,0.308011071245005,1.6622712193579112,0.8200090102191759
37.88433579349191,140.57724545615756,153.10171453075162,34.58578934456514,142.43946844470005,0.1703826893019989,0.4760135331978704,0.29197557641223953,1.6303196967604856,0.7679891096101099
37.65398441547544,141.9425690396219,152.90739815344656,22.091626878253702,136.04484179362535,0.3272606859803697,1.260079608251685,0.4954271696108116,2.543420477406507,1.7555067778624966
42.8143877693211,138.51307315259572,155.44729303238506,20.629561630584615,151.3737050076287,0.11700256670203349,0.3062724442549911,0.21869934297803684,1.4004269061098593,0.524971787233028
40.473233476174904,139.25466960394542,160.93998932534979,21.075754457223184,152.40210977004563,0.08477379823287001,0.20824246422567783,0.1642667771273205,1.267708954101367,0.37250924135299834
40.18828039648063,138.38554868019088,157.32530044059712,20.770478164866425,135.82128916112313,0.10177917965773585,0.24813577519041868,0.1907740620078508,1.3006787850447266,0.4389098371982695
42.38784821725371,139.91707114337424,161.28804513490417,24.76640945981582,152.03571815421327,0.2788652950602904,0.9759329834331375,0.43140232449398264,2.262233947343393,1.40733530792712
41.757930148403595,139.41288632982864,157.92823861700828,24.137306159501534,152.32279436227563,0.23153786097874096,0.7467715126746113,0.3775952572542074,1.9777036345874026,1.1243667699288187
36.99639241313482,138.1947236479525,152.186426303765,34.69470385645357,154.98779029865318,0.15002811339581468,0.42228426158284793,0.26530866806342174,1.5916715600181648,0.6875929296462697
35.051116345469374,139.7103516668954,160.22900168942823,18.91785194087423,135.33769347123777,0.1407831507602914,0.365710664685345,0.2551901964421421,1.4330905723812186,0.6209008611274871
38.7487803103579,138.83073808841036,156.47245728485063,34.223603822835244,154.1694787894623,0.1616511629759683,0.45489739578327154,0.27999575336859495,1.624658196813545,0.7348931491518664
39.869558248970556,142.26299367517908,155.3267606333106,31.28102709002575,150.56846278083006,0.2733678331620944,0.9792350558249344,0.4249969836801392,2.3040988369976887,1.4042320395050736
38.938296588063416,140.3301068292805,158.98501360453125,27.490126558474586,139.0405823054291,0.319716743673574,1.158319782743498,0.47471757407284626,2.440018752214452,1.633037356816344
37.036024749754446,143.142076236486,155.47871947389453,33.15357828747176,150.7761358335511,0.16861385078231256,0.48609034236981996,0.29458277581104986,1.6500976373500063,0.7806731181808698
40.76133855393669,142.38705334416937,161.60641327208472,33.95182661245266,141.13136961992626,0.062028397786249356,0.14038360477826675,0.11918219833068455,1.177890714758898,0.2595658031089513
36.25073230608511,140.0803361019017,156.6460850802047,37.913414750808045,141.7709790699963,0.17825122301935004,0.4939150239600591,0.2985421621141355,1.6544230150354131,0.7924571860741946
40.6553818208855,139.49170623295092,160.4144560097662,21.953585689066117,148.89308538388474,0.0705174925243541,0.1679607299173281,0.1383664873633913,1.2138830226730666,0.30632721728071943
40.32905360231751,139.26916968683793,157.15276886197856,20.592218065769558,138.1157092205488,0.2759030646562988,0.9202433274316796,0.4329069483419849,2.1257300927050773,1.3531502757736644
40.192444604575265,140.76871288818828,152.91173210118077,27.5814499028075,142.38805210941854,0.37246586831935297,1.6593282571171413,0.5283966908475829,3.140307813918119,2.1877249479647243
41.81947424009677,143.0852724005449,161.52607515265734,18.94152199198909,151.348420449505,0.33314838342040487,1.3468135587778762,0.5006134853236185,2.6903261663181866,1.8474270441014946
43.72961458000677,138.32659790597165,159.02437331986167,25.739469351255877,152.64513080077555,0.22680174913202578,0.7133941474690624,0.367811312109426,1.939565543478509,1.0812054595784883
44.315035825175606,141.56267121279822,154.12994526891165,31.844267005750126,149.67338567866508,0.19424243273307612,0.5788285918163787,0.32610524363897075,1.7749748067749456,0.9049338354553494
43.30626939412442,141.65217461044685,159.267296582118,37.7367882337483,146.60450184193238,0.2598261933324038,0.8474779758795473,0.39801603248799206,2.1292558759052382,1.2454940083675394
37.18463512076248,140.28517292023258,160.08036420087777,21.782887157565952,142.1362478141447,0.2531420045569945,0.8159620879266216,0.40647716069456746,2.0073995954221564,1.222439248621189
41.421218525753446,141.29312768031775,161.21898893834066,32.8837807419552,149.85036472897275,0.3686524625618743,1.597366122829448,0.5151477246332733,3.100792348382382,2.112513847462721
36.63017855703682,142.67696394284752,158.33575020614333,19.832600312643056,148.6716476141469,0.3936585603208875,1.9226143662074386,0.5613722722137937,3.424847398724438,2.483986638421232
40.86205249441582,139.90081141570906,154.81715602865427,19.7739240676318,145.9225133148733,0.18579161037556524,0.5468280041613486,0.32223521759100787,1.6969839865715786,0.8690632217523564
39.67479542556233,142.3626816214266,158.5330987323042,36.23673216599701,154.6866333851841,0.29451814309724383,1.1122922522382508,0.44240519901347364,2.5141934469092337,1.5546974512517244
38.4038128522183,138.99979952495065,156.09538272802814,34.96955498212036,137.2157134719429,0.1665011317210373,0.44344426672888787,0.28227669851466386,1.570955977104329,0.7257209652435517
40.94811525696988,138.62827929460968,161.15903189850695,31.041053604085405,145.9119001187701,0.31921686063912263,1.1734967534974388,0.46521508513662374,2.5224821614561526,1.6387118386340624
39.44025582876891,141.05459632359998,156.73348330532065,32.242571818265176,144.40731531132067,0.09849984085752492,0.2418891822621457,0.18387420872845528,1.3155144701091097,0.425763390990601
41.51568923642362,138.53982050556996,157.74465399248712,32.040129140064266,149.98082584948057,0.3551858602699053,1.5130525722891808,0.5000711095651079,3.0256748357349075,2.013123681854289
38.582942029963704,141.10849117566653,156.07097010846593,29.839097705085813,145.46128251795977,0.3045068834896743,1.1345690320359465,0.45817987774085156,2.476252422149502,1.5927489097767982
39.738824956177474,141.9047008783134,157.70165292335673,31.116884846580508,151.08930203694047,0.09377948929974246,0.23339993271333345,0.1782847938207796,1.3091409968926357,0.41168472653411303
35.17432551886451,141.27301383349266,156.16554983945147,26.238737656585922,143.86062495357277,0.28194127103522165,0.9995565384450368,0.4393715836551702,2.2749685587985446,1.438928122100207
41.29810636508327,142.5685697634908,159.1003562680511,25.79811427893024,147.14265393918998,0.25485225463695954,0.843591894382044,0.4068978497152997,2.0732277031502933,1.2504897440973437
37.05169980820841,140.05012051229818,160.73157845344483,22.401132352974443,146.17746129486417,0.05707147400219156,0.1330797096911831,0.11400179467856765,1.167347497172359,0.24708150436975074
38.82454324305919,139.3322825220246,154.3410107842368,28.520563923627066,144.50590323353913,0.2507309715636849,0.8270578185654999,0.39765028993495316,2.0798622294498723,1.224708108500453
40.21543596142098,139.5880682927139,154.43638400970428,23.572169863166312,151.018204935295,0.19942289737015884,0.6127132365191793,0.339165794202787,1.806530160151818,0.9518790307219662
44.53220130156127,140.8577696355354,157.25069315511456,23.68775557982812,142.9592964803563,0.3491948668305389,1.4004824985809223,0.5075473585226293,2.7593139340877504,1.9080298571035517
40.63794180206987,140.60512131987807,155.81781295773848,29.42968488647424,137.8412764613672,0.18265798254452997,0.5076215819066182,0.30981830431218377,1.6384492938000232,0.8174398862188019
42.937636395646166,141.81975441178125,159.96846398167463,32.878733430425946,142.53609751517814,0.12120100059985371,0.30174110935288484,0.2177053771890384,1.3860066905507638,0.5194464865419233
38.050875512037045,141.08731390558154,152.253740104433,26.43596265496781,144.18398832758652,0.16528377388202306,0.46971707931070417,0.29189917645011326,1.609175760696196,0.7616162557608175
43.71135863170807,142.90025578446497,153.05652099224244,34.73818841882929,148.07548142084167,0.08239675545201347,0.20064305850777217,0.15800912956213423,1.2698194026116252,0.3586521880699064
42.730543063481754,142.99810845088814,157.14229226786335,27.449190466156587,141.69634382459137,0.16503774305836633,0.45199084524202104,0.28831401910611526,1.5677033209948206,0.7403048643481362
38.92346808114977,141.0116357330266,154.35565240253192,29.035427087946758,150.46556186440975,0.15459089443543556,0.4338050588349474,0.2750423599962003,1.5772299904674334,0.7088474188311478
39.82063330308135,140.5140604821048,152.09892687637168,28.230047045952695,146.3896090080378,0.17582213247982764,0.509838326107377,0.3047895766895502,1.6727551238626626,0.8146279027969272
35.28563332510661,140.35002592553585,158.6751371938733,28.890441068385204,143.6715646787457,0.2253266109858545,0.692503362264652,0.3672900082408655,1.8854402426610923,1.0597933705055176
35.254070433688504,139.61886016113888,160.8936239101977,23.67898333076103,150.10037225797495,0.3753358482223456,1.6958064427854154,0.5339091758723316,3.1762077136335205,2.229715618657747
43.5810324462841,142.49262219413384,161.39939669181425,30.203555729078126,138.54703632540665,0.24922638503334915,0.7611759675520364,0.39274851685839596,1.9380747090802526,1.1539244844104324
37.19571830136491,141.73681031627876,161.93143770996204,29.147378691142563,140.1930465273033,0.05221811464197183,0.1177438128597052,0.10275425909816698,1.1458776881181914,0.2204980719578722
41.47328145811386,139.74519706518748,160.29629087678458,30.071498364649717,145.52375754077627,0.3802229831898401,1.6467962436617167,0.5272192286254886,3.1235511799428735,2.1740154722872056
42.32263426906884,141.61770145267775,159.18784504858186,33.105095923144376,138.83737689661632,0.21233049571776408,0.6106625727177865,0.3448353295726496,1.7708816943860521,0.9554979022904361
43.42373175017216,142.63626365099904,157.61105312113133,27.614548270051685,143.437785514828,0.08711538366916709,0.21045498324357,0.16617542475187638,1.2664627369408523,0.3766304079954464
36.60845576911978,141.08401166508872,161.4870867054644,35.14941217291947,153.74234348867932,0.08403380889204455,0.20381417659164255,0.15997612227476707,1.2740287343731298,0.3637902988664096
36.722918424461575,138.73412409716073,161.38642317368473,36.110431901478265,148.2370514809303,0.17135429960425566,0.4699045043376554,0.28874579284355983,1.6273986183834925,0.7586502971812152
37.686916667960475,141.47936361900835,153.74449760308093,20.105899436069517,153.29860136737045,0.3966816069143829,2.1277611211843905,0.5621012864681347,3.7853695986960036,2.6898624076525253
39.03217788804732,140.11126004935525,158.03184926903782,37.07103518733659,137.42358885834722,0.242065736425075,0.7332964831441261,0.3772692767790024,1.9436952020179423,1.1105657599231284
43.96639189438582,142.26911822211792,159.52532515460572,36.87215879955169,140.8151814576717,0.3528368767517692,1.373938586625955,0.495360504007234,2.773613510789489,1.869299090633189
37.526861532278886,139.34863597834928,161.37869109669148,20.13122356596396,150.71394070742326,0.2612707545055307,0.8872189893202452,0.4167502719463243,2.1288984052169146,1.3039692612665696
35.8576400273738,139.7211842225509,160.01069996652646,25.950041362944223,148.3871400315332,0.3968964897031877,1.8936262957032732,0.550790762396686,3.4380138974434384,2.444417058099959
35.61001170362666,139.97693241757636,154.6611022053346,29.041827835068887,142.02417097024386,0.3672886740131244,1.5976523751907499,0.521971706957356,3.0608026333528358,2.119624082148106
42.179188459995764,139.7199209722228,155.89522799366716,28.050113709329306,142.11185275224275,0.16425114142704803,0.44742535336880696,0.28442840599234226,1.5730684556902277,0.7318537593611492
37.154478372966956,141.18581693479484,159.7589134289674,26.915496446677892,139.2441399004208,0.05285325709647173,0.12019407224296123,0.10465766706230778,1.1484497563986773,0.22485173930526903
40.37005175786379,141.40563543991806,160.60110100992927,34.013713041147405,139.3719667673198,0.1314561702133128,0.3288686262976667,0.23223487462496276,1.416103532377548,0.5611035009226295
40.913937006018074,140.06530597322896,161.07655359113488,34.80885996436237,150.27407400739094,0.33589057000917955,1.3325257561376613,0.47986006791239094,2.7769048629838133,1.8123858240500523
40.728048144701816,140.3497102732773,156.03050706476992,37.87194240782985,141.00331758215995,0.35741153468455866,1.456053532757861,0.49788152563818333,2.92449801364189,1.9539350583960444
39.19808078838589,138.3941226887671,158.1318801179849,25.494705765787607,140.32173429632596,0.21480098060835873,0.6335907121381678,0.3529888952698202,1.7949310038602182,0.986579607407988
38.94322291385546,142.94592763061985,153.79764743611585,36.25447585273087,145.86070962227723,0.06180739083812885,0.14522472886858007,0.12159547803345265,1.194326723470972,0.26682020690203273
41.825700429501,138.5978374220338,161.5074696525007,34.06448417827126,139.3045630131354,0.07716758869502169,0.17514813511290112,0.143219531731003,1.222934700288414,0.3183676668439041
35.10164874208919,138.978934625328,156.2699569422433,21.268576652758885,136.22011844455096,0.3334864744915606,1.267870763655312,0.49792919893365706,2.546287235957496,1.7657999625889689
43.987920019262916,138.33240542678757,155.64190059263555,37.5382191598985,143.55209530692483,0.2845885234697796,0.9723088746556873,0.42122783591041285,2.3082730811324605,1.3935367105661
36.94628456791594,139.63405581789763,161.95804504172602,23.2317990242617,146.59041165850388,0.21174836495376442,0.6341250340825912,0.35260616150741014,1.7983946490658953,0.9867311955900013
35.81357747581432,142.35154799022743,153.04017012828464,27.35176313119398,143.45193291193502,0.13682682856129597,0.3697749931838826,0.2505004562806799,1.4761449886125493,0.6202754494645626
39.85754124412995,141.91135092376848,156.1924542686178,30.51804424005109,147.61063537188613,0.10312980313503747,0.2595741063110734,0.19365096044521865,1.3404225092108621,0.45322506675629204
35.248146247271976,142.9926808594477,155.27710570292493,20.164078791047483,142.4018479021722,0.33776904778814903,1.3860691627551123,0.5093576913114347,2.7212098421178705,1.8954268540665469
35.74733969127378,141.02862932803157,152.1074527164988,22.717299238078876,148.14112403263792,0.3267092832706451,1.3769181789896878,0.4925204432912646,2.7956569067233863,1.8694386222809525
40.71775310525454,138.42076664474746,159.03600804697342,25.019297663777806,135.256761168595,0.13237626238087535,0.3319474706197856,0.2365204959200546,1.4034617563629068,0.5684679665398402
37.002170947258286,141.19394532805757,161.69082604410733,19.782980057598955,144.22303238491878,0.24067031859862031,0.7630561736018511,0.3938038980513778,1.9376552070144788,1.156860071653229
36.8194946401135,138.5406628823026,156.7769419977126,29.22762167237653,146.12480066232598,0.3586550973595211,1.532276185354747,0.5095216336607896,3.007283860246941,2.0417978190155366
35.83219161645481,138.2303074427052,154.73271625034255,27.671175545030387,144.00246643722497,0.3123153898294746,1.1864072049549255,0.46615340149382567,2.5451003921734543,1.652560606448751
43.28255229072183,141.8408974702807,156.21250647138302,35.77424290247903,144.13764312198188,0.3453165815147233,1.390838664824141,0.4903389952375478,2.8364838985533685,1.881177660061689
41.6549712506302,139.95247361538853,152.41417355650685,34.03209796324904,141.544262172371,0.10743039618737849,0.2665952174150087,0.1971243841299948,1.3524213079554934,0.46371960154500347
44.67753274946521,141.0013173839115,160.65322028147455,25.529538190014414,153.93622939532253,0.15612166870949606,0.43059729627960475,0.2758432089305421,1.5610219223777595,0.7064405052101468
42.480393737143714,143.14639081833883,154.36082140003373,24.100316294701038,154.7929589865152,0.2989766217564758,1.1830528549956567,0.4620508059247921,2.5604388950859702,1.6451036609204488
44.36526067262362,140.7900668562657,156.78906192175992,18.411752501714055,136.68248921910944,0.08455058204131571,0.20286678191522017,0.1631000989893714,1.2438176504628622,0.36596688090459156
36.79212207149361,141.1530860841861,161.7902002146011,31.94232940327153,152.57397359284676,0.30628043241026176,1.1553659823764877,0.45735533387707433,2.52618893187987,1.612721316253562
37.636631434561664,138.66696818579894,153.00341519231606,20.783408091818288,136.55951098318235,0.3313229447380967,1.280202741034585,0.49551077563933754,2.5836022221369275,1.7757135166739226
35.46288082189412,141.04218238381515,159.285043949218,20.75889580086584,137.71303448233078,0.3349472149188313,1.269514350207111,0.5018843898233796,2.529495588922125,1.7713987400304905
39.13969107162964,138.30301781882318,157.17054851712328,37.2989823853091,148.9250058849791,0.0821098355843363,0.19527114465191864,0.15415530202826486,1.2667170190235497,0.3494264466801835
39.12133391167846,139.6662696601052,158.0911429482914,21.015681504191374,153.60937414490363,0.22402725551974884,0.7232463218012664,0.3725431092687517,1.9413761892439625,1.095789431070018
36.70754300257005,139.67884626847368,156.32972817866502,22.86082969412049,141.06579966239892,0.33467755387609643,1.3127564506592948,0.4965507904772899,2.64375060081459,1.8093072411365847
39.61256005277305,140.81234193540652,161.5352386617891,31.09100935517753,137.34719121575793,0.3631794627586127,1.404539128129265,0.5134451799827134,2.7355191613183565,1.9179843081119783
39.47111941304985,142.2759412381439,160.45650436388547,31.02842781406375,138.857179454001,0.34750967881322326,1.327557103322339,0.5007328608068587,2.651228244104396,1.8282899641291976
35.9009710731237,140.23539051246752,154.24667836952295,36.59661730585234,138.05576455673068,0.2589184995131342,0.8391496180394075,0.40050530001170354,2.0952272492146444,1.239654918051111
38.95879889369898,142.37964347732907,160.38010176930794,23.718518846332618,135.23734915838097,0.2352104608915433,0.7080686886172345,0.38452114640144036,1.8414297763431982,1.092589835018675
42.75419759783257,139.40112791397715,156.45369087992228,18.42235649859342,135.3072306494447,0.3721672562174839,1.5149584887071639,0.5375174024044397,2.818436169564751,2.0524758911116034
37.37287250306239,140.69776303624104,160.44653936177096,33.47064695095099,136.35660571789802,0.051121199894569064,0.11312675782685191,0.0991421372150063,1.1410562754111062,0.2122688950418582
36.52739296218664,143.13423234226832,153.32753647758216,22.543158596964556,151.17339597408804,0.30875988254567294,1.2592321903190153,0.47690079751813735,2.6404489086037324,1.7361329878371528
37.831435903693446,138.35461127666537,158.14234975594823,21.73384669067242,140.05566755271633,0.29930888449164145,1.054651198973492,0.4572388817050569,2.3065649951742238,1.511890080678549
41.93090203377267,141.95352490395643,157.64431166194615,33.67420331772301,138.38891428828546,0.314732348289271,1.122238836953844,0.4631466088325209,2.4230747144683478,1.585385445786365
42.8938966461121,140.5518822681518,161.72864920207783,27.046129190608266,135.1465049928724,0.1390110941572241,0.3479654577630795,0.2453572454211001,1.4181992350210635,0.5933227031841797
40.61925929447261,142.08776580578794,156.34590964867954,25.078265770327135,135.01555264144207,0.25844566307887074,0.8239986374489034,0.41230166898604736,1.9985333541707984,1.2363003064349507
38.48257093690142,142.87381468961507,158.68170250089875,20.06908403428521,143.50479156629632,0.3315846054058321,1.3023415719894782,0.4999719750008517,2.6048291446480767,1.80231354699033
40.05500805774578,141.4619014030531,160.98072029391835,23.490163748371742,148.72942684923783,0.21568930106276535,0.6598321548218782,0.359318846467289,1.8363416261327299,1.0191510012891671
44.25262484862702,139.43464074832258,153.15484312561478,33.39036816821588,147.78156630031526,0.3091772726968473,1.1791818195892783,0.4546168225286531,2.5937927528296822,1.6337986421179314
37.30531679465306,143.05018900005734,158.435494235364,22.89638231139356,152.29566167754388,0.09056668436158206,0.2297095578669272,0.17731018439317267,1.2955237661789503,0.40701974226009985
38.01999431870741,140.987840271695,160.902307574187,35.345330671144005,140.51935701824394,0.2027505059837421,0.5745302069319779,0.33105353751617433,1.7354601048596496,0.9055837444481523
41.34845716874587,138.7502946185762,157.12832635000356,33.40746721564605,154.1134752327567,0.06097545353591248,0.1428710499951143,0.11953769244549575,1.1951966536434322,0.2624087424406101
36.10587741403536,142.15120178473848,161.45769320874672,22.341884162941714,139.62999580701373,0.26883536739830055,0.8820110463208934,0.4270486762809654,2.065364196892154,1.3090597226018588
44.30150269808598,142.48000585694524,157.66776054334406,23.31426215172873,147.01499133826536,0.3820579950337441,1.7345440865250095,0.5420612389852671,3.1999042945259424,2.2766053255102765
44.974175552584605,142.80003238738428,154.55009721912907,35.02946453537275,147.74721945579472,0.17954901030970444,0.5136933693897346,0.30439115325718075,1.6876093930223852,0.8180845226469153
37.380670665415465,138.89398069686337,157.60471458271059,33.88334325890677,138.5339359584673,0.31654606683513187,1.1364702126931399,0.462194230421332,2.458858501234739,1.5986644431144719
35.97014378898488,141.6250747665164,159.89093893189235,30.78403103310344,137.93461738998553,0.3008377024740765,1.0390986849500459,0.45358383814811926,2.2908635572035636,1.492682523098165
35.564527171587955,138.6371961131272,160.80494497180644,34.36726659440167,151.51183353954735,0.25763778904493956,0.8600719071126394,0.3989014264574998,2.1561013575474743,1.2589733335701392
42.996664500735214,142.55834661501527,152.05872774038107,30.29622575579942,148.58298958242156,0.31094380118149684,1.2285728617430716,0.4662260550535102,2.635144150410179,1.6947989167965818
37.957721322134475,141.7062032944999,152.23446018874182,30.719576879771534,145.17367277085327,0.12588804950610755,0.3326722502439266,0.23123299625753632,1.4386884900864756,0.5639052465014629
37.533441271390174,142.58862484479687,154.6893505322079,27.578901300216046,149.90836545404082,0.09374239679050358,0.23803317082566566,0.18135258878148064,1.3125435507980636,0.4193857596071463
36.53151207886864,142.43922301440372,159.19393433664806,26.371106239439783,146.09114296957537,0.315624871000174,1.2023105358219464,0.475914900666297,2.5263141249384518,1.6782254364882434
42.57197247749788,139.92053473757625,158.58988983332617,22.83642791648606,146.9619219162241,0.19225767723552,0.559685333427329,0.326821519814713,1.712510650292046,0.8865068532420419
43.81849960421752,141.09898604773696,154.53340013755763,23.985503663555065,146.62801146382841,0.28661639806703065,1.0352829251339426,0.4434643730376088,2.3345346054352456,1.4787472981715515
38.07505936396338,140.13849864043928,152.76522767090023,35.292806674126666,137.5755116821465,0.17318391286273094,0.47638403660065826,0.29400302975505443,1.620337167945353,0.7703870663557126
44.48647787506435,142.62144295326146,160.64981562197124,36.05121642973588,140.067119811971,0.161436358561789,0.4218716593432441,0.2742995637787183,1.537996100072454,0.6961712231219623
37.262233515641114,139.9359474014217,153.1928829417908,26.177944046077105,143.17049955111992,0.19188880791487933,0.5672662042427525,0.32746496414441684,1.7322958678186404,0.8947311683871694
41.967544339611905,139.35478724091178,152.38776409679124,28.310902111965348,150.5117213936189,0.3432381665565355,1.4909735417208683,0.49632720494071025,3.004013334104818,1.9873007466615786
37.201755844573164,140.18537156665633,158.72798651680947,28.121408541688655,146.6996427808165,0.27682626313455255,0.9592664134357596,0.42837586876544387,2.2393101091345637,1.3876422822012033
42.18048071209919,142.0249397406849,157.48236980703223,35.0605959685486,145.70188195562363,0.12351025144358134,0.31428997725881813,0.2222030243564739,1.4144270905809624,0.536493001615292
43.10449676494302,138.6946092193006,159.43150210802196,27.72772343488382,151.62770526511622,0.3603039612365495,1.5515314676991883,0.5096382996153145,3.044377686822824,2.0611697673145026
42.69428158023479,142.95923210110456,160.14260229973434,24.05849965385297,138.32540438465912,0.10395285755208131,0.25431095978741663,0.19454416672522973,1.3072145213513409,0.44885512651264636
37.51527531322436,138.94245084816973,152.0268778572708,31.54061082832549,135.46533751050882,0.3396708540063449,1.3196845418899272,0.49121269839817605,2.686584744639874,1.8108972402881034
35.11825192613767,141.09390210203898,158.9653607771389,30.041148631993714,136.2653170730848,0.17802466468813732,0.4862318700039654,0.30385372131466626,1.6002169330038618,0.7900855913186317
39.90140438866581,141.52810899738495,154.16148277817248,35.81516600804038,143.92762678776128,0.08852566532917155,0.21435644514841637,0.1668008980389608,1.2851036635207305,0.38115734318737715
36.38742105990852,138.86653536704708,153.39012687380043,33.33698803425514,154.19823195418599,0.24611403168264434,0.8488945263535821,0.3906114876886175,2.1732451633124845,1.2395060140421996
43.78660264052251,138.88464377761318,156.62524694382117,29.58492458640712,138.8742975519917,0.24763273359287324,0.7662104402197577,0.38859663457039667,1.9717372001093694,1.1548070747901544
35.37154300599353,138.93739964043868,152.62157268031194,32.99107221015713,152.1409404967688,0.3301222218935988,1.4166080846057831,0.48062963690362975,2.9474006091926137,1.897237721509413
40.68884101134681,141.71557453505886,161.3151073480917,24.737167220640544,150.39694619732316,0.2678093631227116,0.915427674215927,0.4218857998954468,2.169847087630803,1.3373134741113737
39.9395262749327,138.56356703117544,159.2186021240953,29.251178451407654,135.99171292456012,0.18736734324785892,0.5105391198784807,0.31285740311341126,1.6318588430314673,0.8233965229918919
40.62720363670898,139.0548397820531,160.06385613893465,26.012525639942353,147.8469733000252,0.3691619665602185,1.5893281578362506,0.5217435821690618,3.046186310963106,2.1110717400053125
42.14986222644706,138.2487585287606,161.30543452677006,32.43211856051663,153.34379394889453,0.1454177568245325,0.3856509447654782,0.2541322574603604,1.5175206351977262,0.6397832022258385
35.894695588203966,143.06703242203778,156.13978168608355,22.449697332463074,147.23310337481203,0.08065255195531087,0.20080800693097203,0.15997259601551198,1.2552650387163835,0.360780602946484
37.298997126015045,143.05608589717176,152.2605759574919,32.27955462358741,145.60797254474377,0.2705826545764491,0.9625467658560887,0.4234953497377907,2.2728626570564576,1.3860421155938794
39.2271519241135,141.9060622220757,153.14367644949235,20.20141674735458,144.10037990377293,0.3653351788601005,1.641409046059388,0.5333998188437684,3.077258349313675,2.1748088649031563
36.02555062238973,141.76226506106212,152.1985325676679,32.17327428339145,136.06024705104488,0.08569431934028014,0.20658822867496196,0.16359639822715333,1.262792035238542,0.3701846269021153
37.55547492068476,140.62078672689142,155.2067609873728,34.510404029944894,151.24043908508423,0.3224837931072335,1.31527541409254,0.47179923747581265,2.7877862226514707,1.7870746515683527
37.96869078687853,140.79974139254168,155.1605458342756,29.634683811734497,141.9099187218687,0.3310182543818685,1.2950587679655758,0.48589192329363845,2.6653226898421494,1.7809506912592143
41.35576344879449,141.81034947240374,152.2949758700637,31.480577296963954,154.71482328725526,0.31162340916610365,1.284888261400607,0.4663132990805236,2.7554184363477283,1.7512015604811306
43.041404692081905,139.85775873822723,152.1372051262643,33.74289049273165,148.99220221062254,0.06941424684812893,0.1652444169809189,0.13488374073131865,1.2250877391521722,0.30012815771223755
42.95023472933585,138.2640675835262,153.9669859936328,32.4193786079986,154.9321632458018,0.3257299357992953,1.3573447556223186,0.4722146115099762,2.87442345606801,1.8295593671322947
36.863199650645925,140.5590933927062,155.92325187247593,27.414730491436213,141.83289564331758,0.36102789877178376,1.523643076128889,0.518300705569694,2.93968937289824,2.041943781698583
40.562832482498365,141.25766745368432,157.08638701101148,28.642947545619208,149.86856098748717,0.0516751592125527,0.12028123518830182,0.10387954875252378,1.157891390872831,0.22416078394082561
36.150999087218565,138.22828674851985,157.05961020622462,20.57010799552051,141.1575212389112,0.17451653674469952,0.49007960483129837,0.30414842477607945,1.6113172546992653,0.7942280296073778
44.19252889127313,140.1793462409331,160.53193055775645,24.90126185423738,137.50786935799184,0.35215137428279203,1.328584571359535,0.508138664983686,2.614610268640332,1.836723236343221
38.882864133900924,142.29003596021366,152.696584617378,36.296742868975144,143.3696166553017,0.26961336256655893,0.9317580043485002,0.415622715846654,2.241836090336017,1.3473807201951542
40.60822087511704,139.31193445290504,159.69985875266522,30.461446631950917,149.21470851444357,0.37723615392706344,1.683027900031657,0.5237655975144057,3.2133227306617194,2.206793497546063
39.278917505585255,142.6537987552586,155.87726093831395,18.659343800010046,144.61441290375612,0.28618247039222733,1.038191494585016,0.4523172099192556,2.2952730336534097,1.4905087045042715
44.606213790725654,139.32807416131322,158.47660992259398,32.33344152232939,151.73820537444516,0.3425911782685058,1.4090687875130055,0.4874455400220873,2.89072044325025,1.8965143275350926
43.77797885699844,140.1662167528629,160.34009190234448,36.38142947649885,137.68991561288925,0.35816386165047776,1.3614283450568703,0.49791461988191066,2.734260635648251,1.859342964938781
41.546854184309645,142.1361303028068,152.39235243312066,36.48311455284835,136.28208990845607,0.37674797776312113,1.6099434624021791,0.5223945259609846,3.0818536228735653,2.1323379883631635
37.242331244318926,138.49596800635604,152.74691540377503,20.521415155119875,139.3981131699472,0.32790200578729284,1.284848097408492,0.49154839441566645,2.6138791459910458,1.7763964918241584
40.882299092818414,141.1995336454734,161.68343770351896,26.939316411781434,153.14459626101112,0.32587027197741936,1.2896125809521275,0.48178063033577045,2.6767630322816207,1.771393211287898
42.533975897469084,141.75571569804043,156.49902116719784,18.774481523159185,152.89171644956815,0.38738513971651023,1.9189930043003367,0.5523891203176106,3.4739876904109943,2.4713821246179473
39.00551783912429,142.49867393271944,160.96607264987898,29.671497947360155,145.48241176533026,0.06915538066031533,0.16217395176265637,0.13442578535543218,1.2064199687125197,0.2965997371180885
41.661062568712836,140.94787014517595,155.17672192279306,31.769949759013297,149.79164513427276,0.2627099196904307,0.905993160343341,0.40968783541258325,2.211423142283307,1.3156809957559243
37.92497320675204,143.01424099133462,157.01648070056976,22.76868419561252,138.2317318351122,0.28911163067363227,1.0071832259428541,0.45245025872051253,2.226063985002628,1.4596334846633667
44.08743278238465,139.78515114210586,154.7821527797915,27.42064813948005,151.3832372689034,0.21305026362595192,0.6631420884411967,0.3522179420691471,1.882760669560125,1.0153600305103438
36.06473539909365,140.32415010739402,152.52181772647373,37.40831675701634,142.45473101371286,0.3149746403597975,1.2099712404947243,0.4608124311696969,2.625734808028964,1.670783671664421
37.39884813946686,140.59218068798265,160.74278959445334,26.99882302925335,137.1480428793359,0.14911443457458792,0.38685831045837527,0.26281452953990786,1.4719822040875088,0.6496728399982832
38.42932472685582,141.72243878514448,159.2274144282185,35.94674151096926,147.19762645265843,0.2554720319992653,0.8391430516743072,0.39733854193692886,2.1119095257753973,1.236481593611236
35.02105271418285,141.73407012790062,161.05676734115636,28.868247300506937,141.70563875326732,0.2661450703946939,0.8715926305798175,0.41699939634956046,2.090153218948985,1.288592026929378
37.69843708678039,142.049479242531,158.26000234663087,18.57089295757113,146.02254936501703,0.3588811683983798,1.5470543722278831,0.5282392814802505,2.9286999783368506,2.0752936537081337
41.25077642361454,142.01956120308614,159.56885980808664,37.74140735624552,138.74105013909912,0.13948984889338714,0.3520138036638655,0.24243119203188715,1.45201531499942,0.5944449956957526
41.706448351130064,142.06773774882583,156.86583838319933,37.55619909568081,152.82203249232123,0.12796134233975304,0.3362317585539957,0.2302166573328396,1.4605014356883956,0.5664484158868353
43.872947275905226,142.59466422161134,158.87961248668472,27.26692539054846,152.59321968284854,0.141120589212548,0.38141281277324834,0.2546386212807682,1.4978592440331238,0.6360514340540165
40.46905978797831,138.18525074310043,159.01251485533106,33.962474655339484,136.8972705889191,0.1496379436608875,0.38045479089207873,0.25651998925411706,1.4831389631596616,0.6369747801461958
42.79631655835794,139.04231413675836,161.97703131514493,24.198787385156212,146.87262243238524,0.19971090773988048,0.5766005383364801,0.3332629776970087,1.7301667959670743,0.9098635160334887
40.36614078708537,142.85401520228692,158.45738103625436,19.547460953191354,148.63223692330843,0.08627911581239069,0.21525662922249011,0.1693709525651167,1.2709182180441012,0.3846275817876068
40.87466094367278,140.8461406972958,156.9362113204365,25.648249610148884,142.76067594749264,0.2423173069600587,0.7704875058245757,0.39022704044780004,1.974459547806868,1.1607145462723758
35.09090202423482,141.03603163687873,154.6794128131835,22.111418022570614,139.66603363184262,0.32335465083064313,1.250691046138614,0.4895117622378564,2.554976494172364,1.7402028083764705
40.275416237088386,142.11453607272938,153.62437990825288,25.21746872415752,151.5849696087944,0.10582231305088839,0.27617008220338496,0.20248324199381146,1.3639157467254777,0.4786533241971964
43.16276568631623,141.5106531908656,157.28371051982836,18.447751213414936,139.14490859409122,0.2632051407494916,0.8633264862583484,0.4217629334979337,2.0469472722466686,1.285089419756282
36.30130946213723,140.96981784902158,157.85443809703202,29.45567461380405,146.40279308218436,0.35777306081017884,1.5281887466685893,0.5124569243903357,2.982082344748602,2.040645671058925
35.275797775209675,140.89905947885939,159.9366097637408,30.645924446109195,143.19591280909577,0.07341724596913157,0.17252250367058533,0.1413914936681107,1.2201759751937318,0.31391399733869607
35.34111971241772,143.03617894825211,153.66800205069342,33.834153769131404,138.9605585964574,0.1540521354296343,0.4173691358348755,0.2715714385100159,1.536866830049517,0.6889405743448914
44.83389477995786,138.5284618575729,160.62700874855832,25.239209527626194,152.60543036266196,0.2246348886712301,0.6967155354762867,0.36469095780156596,1.9104272276895347,1.0614064932778526
35.529951426622226,140.7213525245607,156.9205112624285,37.20486993904545,138.03056719618752,0.12157988416265371,0.3024605350358241,0.217376653663633,1.3914122328143355,0.519837188699457
39.305638635773505,141.97837678166445,154.21478285785815,19.37137698085718,144.08803664239917,0.18338565797182466,0.5410232161708921,0.32197445504110256,1.6803296277085904,0.8629976712119947
37.56004990582676,142.1446062835506,155.2161531652734,18.896385876084665,146.2929575905215,0.21719938444350806,0.6902279533848352,0.3688081843717552,1.871509317399236,1.0590361377565904
40.13825462868373,139.8911796197329,154.45503711257172,23.841615088355656,152.97934815113507,0.32157655769540383,1.3305014712253653,0.4816444074469298,2.7624144506898842,1.812145878672295
36.4859672641707,139.62959861339797,156.56737270403585,31.900279405138466,148.2958208078503,0.09263065879050578,0.22829567371663248,0.17511765445910116,1.3036702348588793,0.4034133281757336
36.32426359331204,140.71751000854604,154.14419561702798,26.41246529443583,154.7434647528021,0.17210149680699516,0.5124235783443878,0.3038188966137118,1.6866086476375588,0.8162424749580997
42.13571607354159,142.9765511907578,153.20131763559718,18.612608567872865,153.56864508801812,0.2802758010192475,1.0679010820324817,0.4468943341872016,2.3896053280128267,1.5147954162196833
42.28829680911888,139.51465430918768,156.99272119108002,20.914238800625558,144.38552509419617,0.2491267606023349,0.8096639668877669,0.40057150812300363,2.0212719838255273,1.2102354750107704
43.50137452199591,141.14082234900945,153.6991107125695,29.799524869870858,139.73887422374037,0.2453512294393987,0.77789215588204,0.38999695625167197,1.9946108383985754,1.1678891121337118
39.21765296510948,141.55725863341073,161.6457375579682,27.904089489475428,137.9702220339706,0.22272476870576857,0.652041261366032,0.36300286937763176,1.796242719744768,1.0150441307436637
42.450109080605,141.18424935221626,160.57169296061255,21.938965005087923,143.75044702460855,0.12913978281162347,0.33270089522122537,0.23564191702622345,1.4118918205210522,0.5683428122474488
36.84334786034396,138.85657392690317,155.58736682717745,31.27162850417277,136.97266837873002,0.12191749487644471,0.3049201912027801,0.21980544145090206,1.3872276736647127,0.5247256326536821
37.25537772069856,140.4833655082406,155.0869451938763,32.1949829421669,144.9326990550623,0.06359752048272309,0.14917473030324188,0.12467944727737539,1.1964660861173986,0.27385417758061725
44.791278956979966,142.88698940304084,152.07866213574405,19.68612281331582,141.50304667064003,0.22981686251478173,0.7337833706455329,0.3828307226113733,1.9167306261112842,1.1166140932569062
41.53849399405663,140.77495691371433,159.48952749661143,33.84475497303393,136.64025627335917,0.0667842918871333,0.15052268425885507,0.12661611118056906,1.1888114621068444,0.2771387954394241
44.6225192904092,140.0646406891708,154.06407867175096,22.484878494351435,144.99281591205465,0.2361961728476113,0.7572166539498474,0.3843270385195186,1.97024038919237,1.141543692469366
36.54404810647875,140.8850437768593,155.1974238257716,29.776210174456253,139.33752148214492,0.09005566053303499,0.21831781684552493,0.17090344266961097,1.2774336984397383,0.38922125951513586
44.7840355490064,138.69603864581416,160.79246926726378,30.582149170104096,154.32388454603316,0.39396345652092224,1.8834733545646771,0.5353317061862488,3.5183295381151822,2.418805060750926
44.124441225951244,139.24851294020453,152.9867021462045,34.6413611126154,143.94636208189866,0.3359588933553621,1.3375272336588302,0.47913800077073787,2.791528185005768,1.8166652344295682
37.77583087463281,142.78231281213323,153.83512884580082,32.617854258849526,140.31526596010946,0.07186532727378844,0.17041414347002312,0.13973264312985706,1.2195728904351504,0.31014678659988015
44.76932625694867,140.64034269035346,153.80876156318055,35.716040385071665,148.82469357552122,0.29286607291037375,1.0753860411287592,0.43654234262832897,2.463417488104562,1.5119283837570883
37.76099721900385,141.3813714951464,152.4693137914289,37.426163058774286,141.96736742915658,0.37628492769854105,1.7071338398652074,0.5202613441672654,3.2813005598131832,2.227395184032473
42.081718021475105,141.49640824718415,158.5641382370473,29.193550733628364,135.5260545267634,0.11441505994537923,0.27960718833022485,0.20827428618949462,1.3424950023635145,0.48788147451971947
37.11412478219471,138.60667827565783,161.705628719578,32.50487758380514,138.18004665215324,0.11049386373657631,0.26530224061625335,0.19896311244991566,1.3334242581425089,0.464265353066169
40.40797594720496,143.0823028112067,153.52518624602737,20.188568604309864,135.13901851904552,0.19650850324028435,0.5755571038790157,0.3399249953855139,1.6931885318591178,0.9154820992645296
36.07417021737935,138.4320740432435,159.4934266603823,24.025595679419947,138.5671690559332,0.15682341489561374,0.4164845947803989,0.2752767280196022,1.5129669615614636,0.691761322800001
38.78375239365315,141.4223124616873,153.51393803571113,25.557976132664933,139.8145368691855,0.1845654100767697,0.5317906336908282,0.31835812261259755,1.670416414466521,0.8501487563034258
40.44127012784598,139.33660474221855,154.84909591921527,18.928154500991113,141.57556524024727,0.35529309420407396,1.4834435592964559,0.5197571091209969,2.8541092238357773,2.0032006684174526
40.85172559147491,140.11703271863706,158.66408637390248,31.253228171135785,142.31107499957676,0.22714756207616466,0.685048901726289,0.3646183551836465,1.8788107948686565,1.0496672569099355
43.54276679669033,140.01240123170152,158.65631767613752,25.57899240523423,142.07713985197347,0.22913244118366127,0.6948803103118718,0.3710644781334413,1.8726672890040978,1.065944788445313
40.966266164567415,140.02527928176463,159.6049484660514,23.435303196734814,136.73788499725077,0.36488159306638895,1.4363773984930361,0.5246440718286618,2.737813072940102,1.961021470321698
43.80184269364449,140.54308328603295,155.36227494193977,36.78394590047746,153.49778358460603,0.05888696908658063,0.13748458514847267,0.11553583550183631,1.1899735225118748,0.253020420650309
42.67040903936629,138.79798930962548,161.81949055910997,32.34153394619484,153.18232667436854,0.23391725049347684,0.7343065635682446,0.3706518037632052,1.981122325894208,1.1049583673314498
44.52447746879656,142.92894129448612,155.28180549244456,25.670027999232158,147.63932244409716,0.2842609447652429,1.02384333476106,0.44125664350455945,2.320289903466305,1.4650999782656196
35.48049503730197,139.18085424754827,154.3272280185979,18.358933498301333,137.62119297174922,0.3380720280462921,1.3389280143489586,0.5064027707002949,2.643998200281132,1.8453307850492535
41.85467584680287,142.52678841294164,160.7653739993929,18.391604692658024,151.27761103128142,0.27046613648557366,0.946403843979625,0.43190902433961953,2.191211089943439,1.3783128683192445
35.76767267853324,138.55581679626798,153.84854167699265,36.155466026961705,147.30902771881355,0.22352470407367264,0.7036132003934731,0.3589220528421563,1.960350986577306,1.0625352532356294
38.71836793315282,139.16718341879152,156.55631906729005,21.46747681428319,146.90175589319182,0.28759715240399775,1.040230574595536,0.4460345363890411,2.3321749544708443,1.486265110984577
36.650865663401866,138.16048755016288,159.09170912416664,25.90737428165388,144.3075970668507,0.18837627556902226,0.537631202939161,0.3188261259070434,1.6862833979167446,0.8564573288462044
35.843095044487825,140.70991758899703,160.8104190742084,36.66828792477069,141.20437068321195,0.17761795135632852,0.48338965221983,0.29743971926318513,1.6251684657895666,0.7808293714830151
43.97987602786084,140.47745132670062,155.43492809880684,27.21126021423377,144.95320565891677,0.1528125608692666,0.41322859876535256,0.26940630191036086,1.5338490444920827,0.6826349006757134
44.61472455125503,141.85312360930155,157.1003006811695,18.876541453844663,143.41360668864746,0.3176471138351764,1.1976732151551335,0.4822483698782509,2.483519468313599,1.6799215850333844
39.25456690823764,141.01750359871514,156.24356259534576,33.080999964588514,151.91429557829014,0.3136575299507608,1.2411318152998387,0.46421514440303463,2.6736133671293585,1.7053469597028734
42.87974959796995,140.65368805763634,155.50536280272004,36.359380104230375,136.14764661078894,0.3595125912870594,1.4136008158659263,0.5022822434716187,2.814355542604009,1.915883059337545
36.642532682851616,139.0824171274758,154.0539605533502,19.47207869497443,138.93917493934987,0.13081501685047892,0.3446168172834297,0.24137974264566422,1.4276956860846162,0.5859965599290939
43.65345004075799,138.81002222350207,156.52984196760838,21.90884833006347,154.76497982494234,0.18971062881019518,0.5700623249300819,0.3252600677770462,1.752635448999656,0.8953223927071281
35.75454795098777,139.9469004200991,155.42303275054726,35.262820675006125,139.43755420925595,0.08572583623130381,0.20364663735437016,0.16096075026243573,1.2651943844840308,0.3646073876168059
36.269739825964486,139.97081900124522,152.80923259573441,22.076107435767902,151.31992211707237,0.28714416015306243,1.1022948358533922,0.44935556919322683,2.453057025269438,1.5516504050466189
43.476656407732825,138.47917003544256,158.01548909839195,34.331952582336555,154.56464677934602,0.20123740439287552,0.602488080783829,0.3299946044888564,1.8257513080162326,0.9324826852726854
43.13347432748233,142.37437794805638,155.9770460920529,20.241733634063355,140.21822531013984,0.17060760045621323,0.4768814402736996,0.30080033990162974,1.5853753371078416,0.7776817801753293
44.51057495380766,142.10524667579267,152.2858879682295,28.986652062238026,136.93086508803293,0.1417862888111973,0.3713087649424417,0.25298540028520033,1.4677082729827524,0.624294165227642
35.23968418669307,140.4642792142554,155.59385801196456,33.715348954751136,136.8466789540146,0.18952707197538854,0.532982167103162,0.31736689454890954,1.679388040333312,0.8503490616520716
40.701133544418724,141.54090370307222,152.78507162199932,35.8445420982581,142.5745772422753,0.29657700907811585,1.0785323971918153,0.44326752472004227,2.4331410199134074,1.5217999219118576
40.898025179481365,141.9156955691574,159.5717693238343,35.561957006631815,141.28245046037551,0.26036414130827923,0.8307219277103379,0.40137037889867616,2.0697140879946434,1.2320923066090141
39.68771663768368,138.94534087854603,156.76428786808648,33.651550098321636,142.48879252208064,0.055130089175172405,0.12466829830254597,0.10716702555167719,1.1633083745748776,0.23183532385422317
41.90711446993039,139.19379342831013,152.68917572010542,24.510068702057055,141.58224476648573,0.12747944681075396,0.33188038527655084,0.23291555416390208,1.4248957587564437,0.5647959394404529
35.78479024367244,140.13285703540876,155.79535598373684,29.33581445304856,140.28354128245613,0.34113056596285146,1.351366693477446,0.4962807070150011,2.7229885715396107,1.847647400492447
40.50283377243272,138.29620007494253,153.82425130957972,19.022741472500904,153.31417899295099,0.072441433972565,0.179191154405086,0.1449254407059357,1.2364368431949637,0.3241165951110217
35.262705895404004,139.1260062508612,154.62335420290472,26.323073139660202,153.32013802274565,0.1317529430009164,0.35943008513736924,0.24266306458591003,1.481189919655532,0.6020931497232793
42.3618608431629,140.15627710120242,160.17547129834287,29.161461020005348,137.07211148140854,0.24650208692930337,0.7460887457225284,0.3885908493534812,1.9199853701234473,1.1346795950760096
36.34894057643009,141.8938711240297,156.02159303829467,29.732068945543425,141.8121183182117,0.3964139066436333,1.8547207280285583,0.5505428047962739,3.368894683338728,2.405263532824832
39.32508389665703,139.15097091519326,156.11104835882227,34.85859771135912,149.6285035853752,0.11108645432123768,0.2807548369997893,0.2033252823060727,1.3808161671560313,0.48408011930586203
36.293857181495284,141.02276362156547,160.97601355179145,20.47056238575141,150.00836001742488,0.1338246558761389,0.3585803136967938,0.24668441890601062,1.4535993610257836,0.6052647326028044
37.41527855548979,139.70091082345022,154.17254352008763,36.093172430116375,144.0239884576497,0.3699512222658484,1.6424066089418714,0.5130298520400375,3.201386044907375,2.155436460981909
41.05846507794626,143.10208658769136,155.317146880064,37.445216553561465,151.75522429341282,0.30106500876653947,1.1598696869638647,0.4487753981071946,2.5845215487655095,1.6086450850710592
44.38744875343942,140.08744428118285,157.56051353532084,24.89237384923087,153.22248523028074,0.06015456939657864,0.1424034559482345,0.11994549569701839,1.1872347112387178,0.2623489516452529
43.69125149151195,141.57417066985138,157.94180341780464,34.41935701209799,135.87213396232602,0.08889524331933876,0.20698440451443692,0.16428131532791612,1.2599388074126547,0.371265719842353
42.2031124778724,140.76233629786333,159.38612135974918,21.563754061070593,149.34580883192103,0.39493605813813454,1.876709211039808,0.5536433291302271,3.3897441047255383,2.430352540170035
38.2310751566279,141.7288502599109,155.4182960849084,34.52714392471333,147.90056011314596,0.27846346019934265,0.9927096109210352,0.42647374549610406,2.327715648160817,1.4191833564171392
38.727503296210664,140.6793025057602,155.88139436444726,21.215472049191774,150.0499364294655,0.2897531946326993,1.0840524366389244,0.4515899304798809,2.4005239343732905,1.5356423671188053
41.24987859099078,139.31721756954744,159.62487710957296,35.363851052471794,144.55289436920896,0.2535563805243854,0.8043728746294853,0.39066808003681763,2.0589674860400136,1.195040954666303
44.858320620194014,142.9662959238418,153.89215291090812,23.057266733584424,145.63213085852024,0.09798748325162307,0.24729601870563,0.18801123641159492,1.315325740235273,0.4353072551172249
41.72997292726324,141.48850620464688,157.81444957714947,19.5133181228068,154.59455909621644,0.07153898688028387,0.17629911720651742,0.14355130655288761,1.2281261762083981,0.31985042375940503
44.9881847689189,141.59735187379522,157.78293304078687,37.00849410094743,142.89813781338282,0.09975445698504205,0.2393123254785639,0.18204486169628595,1.314578852974274,0.4213571871748498
41.978250221625125,141.95617593999694,160.55639434889224,33.44434477303888,150.79587454193188,0.2004346682637066,0.5915688629623936,0.3319000481581298,1.7823705246362236,0.9234689111205234
39.645029741537826,140.45983531992653,160.40774702661218,31.665519754956314,149.0432523304339,0.11507172512262177,0.2902688379687911,0.21020937118699087,1.380855840677929,0.500478209155782
39.09117922290562,139.42601241397975,153.25130315704294,21.84603142890842,141.0865169386541,0.2962162173683293,1.0794156366913232,0.4565194248387569,2.3644462381257356,1.5359350615300802
40.92347212775508,140.20040445167717,159.29899477998583,35.61368471044308,145.39855090052808,0.1070693181898196,0.261913826903559,0.19462234733104047,1.3457541258510255,0.45653617423459947
40.80554734534,139.27662327764662,158.55158879935496,21.180179995038472,139.65676435084416,0.26497017058799865,0.8622086174413962,0.4187399381192957,2.0590551293336623,1.2809485555606919
36.611125771018635,140.69475562311575,157.19245909439815,23.77290549357607,140.78702806417058,0.35362008313138643,1.4444462148178452,0.5160212091921518,2.7991993140731046,1.9604674240099969
40.52740257747914,138.39932389318997,161.7488305276691,29.75793354284583,150.9672441991973,0.1555770062020102,0.4190335862473502,0.27015487853607645,1.5510865045932996,0.6891884647834267
38.047833665617944,139.66154057453647,153.93313150434233,28.66921663415286,138.9813008436627,0.05826510501899551,0.13454332149063453,0.1148483562856906,1.1714866963872934,0.24939167777632512
40.75164137028731,138.23962430296035,156.0426016890596,20.08023105172336,153.00306803567423,0.3283971173482415,1.3635952629496226,0.4890497896250441,2.7882544719937314,1.8526450525746667
37.97373233935673,139.2332335522528,153.37320514781743,28.424592092336376,147.24003543037765,0.29552763797904985,1.1076153993547602,0.4489248169182852,2.4672625740723353,1.5565402162730453
38.159386959342264,140.89202071024636,152.7788097585002,23.89510469912888,154.5534244017739,0.16944413954439808,0.5054220309203883,0.3018320592419333,1.6745140731232515,0.8072540901623215
37.848161918761214,142.39917123526578,153.619550357575,20.28253520127292,140.22612989151287,0.26733601873703383,0.9216817532674553,0.43021725091239743,2.1423635414729842,1.3518990041798526
44.939717076943616,140.66220662851762,154.99717465598712,37.66806547299136,135.2713079164864,0.16727684060319142,0.43951479728350457,0.2806970458969755,1.5657977300011205,0.72021184318048
36.73712190985039,141.31660427315782,152.9694594568838,26.960882789316223,147.96038485064184,0.08264132387984427,0.2058245846449311,0.1619959498859048,1.270553892179991,0.3678205345308359
37.045347875284364,142.68890003280336,154.69187483659752,19.30527291805706,147.0355609192088,0.18669207464704496,0.5633871988581857,0.3286409992526005,1.7142937130164768,0.8920281981107862
38.09537201062183,142.05586794725014,161.33316155315666,25.747136649129196,139.16700345154874,0.3264053354722161,1.1937688268517717,0.4862344869419941,2.455129899073127,1.6800033137937658
38.6162828874017,139.01477168857284,158.41213058864187,37.6913400356966,137.45123523285824,0.30681412530727326,1.0579199459002506,0.4466283427136502,2.368680723378368,1.5045482886139008
35.677905727185404,139.77706089035217,161.80767446984797,19.35871582296869,150.90464985168038,0.10271823569795778,0.2610486553075133,0.1961601908343122,1.3307932368806141,0.4572088461418255
38.906197644161004,138.91784340859243,155.04184955176592,36.973583262081206,150.12483927577483,0.05457115930572716,0.12584480603824919,0.10726528997390289,1.1732108874069758,0.23311009601215207
36.69339131804075,138.74284159459413,154.79252210276854,35.59084205260497,151.53171145457785,0.12261615089274958,0.3205777952621608,0.22240455820878133,1.4414173785108295,0.5429823534709421
35.886822776651904,141.5694787489186,157.59585147994474,34.997522862377416,135.95179117052888,0.3613050731975753,1.434581303558905,0.5105147366675648,2.8100683496881516,1.9450960402264696
44.020692888187945,142.7698188883448,156.72378541593497,19.110845296266998,136.47959477743592,0.3075126581384215,1.0935330150356484,0.47403006711633283,2.3068853452438955,1.5675630821519813
41.368815147476454,139.35891602927134,161.02725429756538,29.811973873292356,151.46941921213022,0.12034965350212577,0.30691174944807015,0.2185818567067283,1.4041044122882267,0.5254936061547985
44.94838130639371,140.24453216807197,153.35450326600738,32.53341850259197,146.7690320452793,0.24137236184423888,0.7800911982110994,0.38178894058975055,2.0432524761091564,1.16188013880085
43.159757706459125,140.83029316549366,157.3589169187881,30.017462825040766,140.7770690634698,0.35240655321660236,1.3957814638893253,0.5033086871297789,2.773211549057608,1.8990901510191043
38.9938233975983,142.7969485502415,161.3501330179848,27.09823122461451,154.24050998214915,0.30717859539870607,1.1819858120731306,0.4659508589430841,2.5367177447729743,1.6479366710162147
38.51376928496438,140.1078995821735,152.34616048186524,20.14137513343041,144.6770154454312,0.28065102584612334,1.0210702672793897,0.4425754588541384,2.307110000909265,1.463645726133528
37.456208749389084,142.52175612548055,153.67032093268517,28.75884797899242,148.0815427127415,0.09775126601512599,0.24889491229373004,0.18754364304600693,1.327130625444195,0.43643855533973697
43.682956031210225,140.78925407908056,161.40466612569168,36.946529725705496,146.31087505385224,0.11539575518766289,0.28334781255039265,0.20617617441782546,1.3742994958097114,0.4895239869682181
43.84755880924914,141.45572803604503,161.42965529007168,18.045822758431182,148.4800121992697,0.18159738095136263,0.5205303452773435,0.3157929872627398,1.6483277535364085,0.8363233325400834
38.3883895431718,139.79162927849555,152.82940009165415,25.388204200322882,144.80631999792877,0.0896941487781601,0.22300413831731328,0.1729140235103864,1.2896822003793007,0.3959181618276997
44.24634815296979,141.03151358852008,157.76405705571986,36.335847256558125,142.2287372891283,0.2652913324740014,0.8585430376902364,0.40418585405719293,2.124129355523539,1.2627288917474293
44.0933316671431,141.37264104246304,153.4067841589713,22.058282275811248,148.21510745734483,0.10039608463641961,0.2562405949380109,0.19243398940635756,1.331576587527449,0.44867458434436847
38.08013374082475,141.15888758873936,154.29185124057315,33.2166271023639,137.7943279770079,0.2199536029382701,0.6598738261664253,0.35760072625073636,1.8452810012017322,1.0174745524171618
37.59675594335859,138.7060082459362,157.23042306591984,22.20249411032698,143.35692844266106,0.25377815896327777,0.8322638686350617,0.4057719716118097,2.051062978374624,1.2380358402468714
44.50852053086695,140.5704330944672,159.2448212142433,23.173272378238867,147.51685949005332,0.2715458668191374,0.9226815034641856,0.4246009052982752,2.1730559024974685,1.3472824087624609
38.97752053008339,140.7304298996836,153.88202737807728,25.920604125844985,154.61798476957756,0.13414273743977304,0.37005027624038006,0.247472079373594,1.495321319387053,0.6175223556139741
36.337428495259694,140.95728529147115,152.49679545114438,34.774330688995136,151.1485230939595,0.2805858386433457,1.0486008121546169,0.4302266319179563,2.4373219469932392,1.4788274440725733
43.19530866563028,141.5317459386748,152.47871817926818,34.26138811458246,140.5298855060109,0.06371316520984048,0.14741718538275778,0.12356129702473218,1.1930692614310334,0.27097848240748995
36.373460945693786,142.4214499952939,158.70283869059008,23.80249800205877,145.76772789129907,0.10240262399689752,0.2589673941620363,0.19526499475880366,1.3262356342052988,0.45423238892083995
41.109004903571346,140.39696874690276,152.6093364719623,32.31517413096621,146.79878585630797,0.12890788934384773,0.3392101792416815,0.23325419646131587,1.454251131974545,0.5724643757029974
43.31839661875057,140.77694796340285,160.07209134869137,24.823562385584562,142.73380912983725,0.37495786591355695,1.5702964181891026,0.5308301784505509,2.9581897976725195,2.1011265966396535
37.90436989239914,138.18263556408922,160.33344886108574,36.455798257523526,144.06041513520827,0.24736567206051818,0.7715899515979937,0.3819974272389542,2.019882587102699,1.153587378836948
43.52170778858797,141.27702952006524,156.66755145252807,30.485086499986796,146.73831038208647,0.10117895375794295,0.2505091055731299,0.18870439244600992,1.32752132754304,0.4392134980191398
37.43410014777757,142.74944624840802,152.16920494436908,27.984983273331274,153.55414128186993,0.2747387443522315,1.0383436495764553,0.43392525604439763,2.392908997834908,1.4722689056208529
37.9323792697897,140.42150904877641,156.90721393947368,33.165821109619564,154.2810370463097,0.0576679540579703,0.13614534218179533,0.11489132988605909,1.1849923080950882,0.2510366720678544
40.09673837357997,142.9738266386727,157.586067498656,19.56515334690292,147.9505151483715,0.3420502442878579,1.4308482822122774,0.5108409902198967,2.8009660728211223,1.9416892724321742
40.396858451119215,139.52929355366456,161.2773306635106,18.18280639397516,145.34795166075693,0.134567703964381,0.35243752326836286,0.24535326678853042,1.4364492793655288,0.5977907900568933
43.93210094018264,138.78467771283772,156.85746108912076,36.91539793691885,138.06029270875663,0.14250286549616253,0.35906763206929626,0.2447385832482005,1.4671476287216614,0.6038062153174968
41.733822140636114,142.19497507517355,161.6281568999791,23.867289174140538,140.27240561347037,0.09412650186571234,0.22688137473128187,0.1778243735099337,1.275873325197503,0.4047057482412155
38.75235275780858,141.42776307963598,154.7025048502246,25.180491913523475,145.31078038350597,0.22582511593923899,0.717419101327581,0.3732989462019889,1.9218353242802664,1.09071804752957
38.50081335384939,139.50875662668983,153.03113442086334,34.63804910586454,153.64703103658826,0.28142600664573053,1.0548952731731622,0.42857587226121097,2.4613967828086656,1.4834711454343732
43.263853937807475,139.55752232597925,157.96382652900076,37.816966725824415,142.4756885857934,0.3103055352296153,1.1073555005435516,0.44882556444006305,2.4672291158928177,1.5561810649836145
42.7140222065937,140.04279049463128,159.37755524157515,20.80234381335711,146.53252156319414,0.3441938888982696,1.3855674524231267,0.5047559780953862,2.7450243534535996,1.8903234305185128
44.11590298923451,141.86409028522363,157.9526837298457,24.611030834754622,141.41967485780214,0.1823125952041741,0.5113977457069211,0.3126111846908567,1.6358907510383731,0.8240089303977778
37.23184236388405,138.53138220322955,155.70130908129482,19.92186385492789,150.15325020587233,0.1817361644625542,0.5387957866127845,0.3170136830466114,1.6995978893868875,0.8558094696593959
40.783911921907944,138.59366350165595,160.43778047748552,25.97772185490362,139.02681371608168,0.3031266783531392,1.0399784330706527,0.454865006398296,2.286345219882689,1.4948434394689487
40.24239047020483,139.06341862311407,156.67794740149535,23.090927716430908,139.8890637307952,0.249878319505211,0.7963985481608361,0.39967138004850716,1.9926334181451248,1.1960699282093432
42.39125176845726,141.8254197083435,153.11149737614863,27.780708375911274,135.35069000005663,0.20888338427589842,0.6124272568673524,0.3479047912408049,1.760330045134263,0.9603320481081574
41.30916437967851,142.93304861929116,155.51742312908726,32.01660118817278,138.36093592450982,0.12343160314405628,0.3121198963718304,0.22377209360797587,1.3948115305147486,0.5358919899798062
44.88040620727685,138.4011958057984,154.07359054327875,19.706479620798213,146.43337051352682,0.22022375053667964,0.6870679569368886,0.364671085208203,1.8840757735004363,1.0517390421450916
36.24813307881719,138.86031147283734,152.94698206660038,18.15489626975413,149.5857767440361,0.12397024294867685,0.33595549510785344,0.23372934723036365,1.4373697573233528,0.569684842338217
38.80548701081657,139.45683776882655,157.1684050692824,25.046533433851963,137.73458778609609,0.3813545074081633,1.613495604770894,0.5386541073699608,2.995420591237979,2.152149712140855
39.318378200650564,140.32833811432482,157.6266874893969,29.870916419765955,135.89619160990668,0.39538244736234446,1.6946970512571577,0.5464069256042803,3.101529230038519,2.241103976861438
43.73458261428337,141.23435561297666,153.2731110299201,34.54112105748275,142.37146408756672,0.2320346131403973,0.7221461187608359,0.36976849116713884,1.9529682382656532,1.0919146099279748
38.14901683408874,139.83478521186314,159.08278631122485,33.26477956854037,150.08313883518068,0.39963011381256003,1.9563458224256889,0.5420076529526423,3.60944317256093,2.498353475378331
41.86223092945043,138.80811730633602,160.13696662367317,23.416539521573135,146.14007968489796,0.07517771774373841,0.17791130516115347,0.14514965138135566,1.2257094899506318,0.3230609565425091
37.14172991985392,142.68180252782255,157.2126491955574,20.425765657601563,136.42283131029853,0.3376356727755504,1.2994100932971322,0.508178045956038,2.5569976972392525,1.8075881392531703
43.45999175383165,142.7520073575548,157.71646141360677,28.917524253377657,142.15627722491791,0.3022338877406393,1.0770901875825072,0.45618518838948874,2.361081014894532,1.533275375971996
35.709297666291135,138.28471543398936,158.17083973745167,31.993757945012923,138.42035538605052,0.09691247154708436,0.23150549340485974,0.17880005347851896,1.2947730657847527,0.4103055468833787
40.07857428717673,140.88142537848552,156.25399195110873,30.326187058537897,135.6380761799997,0.05798400397247791,0.13147576653724366,0.11298824511001153,1.1636234053306314,0.24446401164725517
43.629233613385495,141.07697932897392,155.3701340892415,26.12656030924684,142.74578476929958,0.07205539523545985,0.1706658220443363,0.14021289323944322,1.217190645605524,0.3108787152837795
44.14321988445828,140.91479909213686,161.08132994399142,33.77270643419242,145.0599127275697,0.37812246803785377,1.6016451351877137,0.5203839337381915,3.077814343118271,2.1220290689259054
41.58062984999124,140.19871334656403,160.4950848682695,22.276524462244353,139.35884614656666,0.20117180926865041,0.5741825587009769,0.3379434979896844,1.699048989303246,0.9121260566906613
41.06272989094039,138.5656796276463,161.55856701160747,20.93423362864379,138.5960994106471,0.1987406004780758,0.5593895871635082,0.33363392956244786,1.6766567713815346,0.893023516725956
39.01446568630113,140.9615003891493,158.79352122519114,23.952238929053955,145.6488997950812,0.05381706524267733,0.12509262413481836,0.10799928183204895,1.1582727404553623,0.2330919059668673
36.318456962812775,140.66534102690224,159.8823849225218,26.941545218083498,140.14166639431002,0.0966727125840123,0.23461634760844213,0.18166416381976874,1.2914839265778797,0.4162805114282109
38.700717613518876,140.1029164794846,161.10996383755216,26.698748577683077,150.23781025348597,0.319116626291386,1.2259506949615202,0.47419615467532816,2.5853239906614216,1.7001468496368484
41.7764829760915,141.61149364596446,160.20209351193398,31.62819573451311,137.47707127650887,0.23768823443924814,0.7105192151560136,0.37748940547135457,1.882222930915953,1.088008620627368
43.75645198080862,140.03993503325665,160.28719411379467,32.23338798891718,142.79451508929563,0.2947158454463844,1.0059578352489709,0.4390498700640232,2.2912154263985545,1.4450077053129942
43.38240073602406,140.18152223984794,153.12860994921488,29.503843321805874,139.96645648076674,0.18888180680973155,0.5380026023389454,0.3180454356333765,1.6915903894911486,0.8560480379723219
39.84351906069718,140.52758244179498,155.15560649938143,22.197757536730553,135.4296339144831,0.24176502386685972,0.7548179909886638,0.39359986262014124,1.9177293049950326,1.148417853608805
41.99835746612746,143.10933726842862,152.1504589172093,25.51430270619112,150.85289591352807,0.32778727178779643,1.3900488075612,0.49085974459332893,2.831865564190516,1.880908552154529
44.10101749554822,141.41218517044334,159.97080840101066,31.53400150188344,152.05770330651137,0.2566553235415466,0.8550918872257786,0.40114018929522943,2.131653496818918,1.256232076521008
37.6065446300821,142.31599046583256,158.2212057659109,27.75054852978186,141.4805728195183,0.2395064454477795,0.7536305953695082,0.38738887738738215,1.9454110310345607,1.1410194727568903
38.117290796066136,142.7575551224233,158.63962689707597,34.90391997679474,145.67797129898292,0.39114193802902397,1.8143381215014596,0.537479005434377,3.375644635710296,2.3518171269358366
42.864346834529954,140.41478512437178,156.82920683100818,25.126077672847742,152.91856445813877,0.10548302099681342,0.2700991248718913,0.19925745588131438,1.3555283222765477,0.4693565807532057
44.34661304366579,140.5888596029602,158.78811221102137,35.48473177412535,151.480969156137,0.30265093709022883,1.12085407700214,0.4458912453960158,2.513738694301252,1.5667453223981558
42.62040318780826,141.35702618748263,157.06358339594635,18.50580147243715,150.88591762219292,0.21666306611213504,0.685768486920709,0.36539121774052546,1.87680615632008,1.0511597046612344
39.955165313486525,141.22733320706243,152.40676172997536,31.397894848124338,139.56670719618148,0.06293823651078481,0.14672626307330508,0.12335608484740643,1.189452982840757,0.2700823479207115
40.677243649489164,138.71452885067777,155.65809272842677,28.287225381742054,145.5474304673959,0.19370263078045152,0.564652427580353,0.32490508501779575,1.7378996316706639,0.8895575125981487
42.2490982802351,141.0078331304177,152.7164725512814,35.08559081694288,143.788419467836,0.09077795198143206,0.22059620632192092,0.17043430338666932,1.2943181151827623,0.3910305097085902
41.37513017917695,138.4401685155637,159.25243705778297,22.670060408790796,136.33041554774223,0.3345407323145433,1.2216968682358502,0.49241096335548007,2.4810513151671767,1.7141078315913303
40.0305749073668,142.86840413014116,161.2074406091812,20.94001182149225,150.6856262065699,0.2683834226793453,0.9308018289667095,0.4282265146778589,2.173620261853524,1.3590283436445683
39.77938114522974,138.9048724921802,161.12400381100488,18.118568709998762,149.3613322328631,0.23622208271099204,0.7550173250942362,0.38656502020983075,1.9531444533817532,1.141582345304067
38.35453945933252,141.84691680534303,157.75708105598474,28.818720549151834,146.64525079109617,0.19276437490393789,0.5659220117538619,0.32690951054254896,1.7311274022424143,0.8928315222964109
37.869144423589816,139.38844388445398,156.7198753434016,33.57131928768487,152.2458463817984,0.24361952787400237,0.8090516616970018,0.38553817078655395,2.0984995079642017,1.1945898324835558
40.95395692696201,142.54576562898444,153.70593497796233,26.52302455829879,139.10987053379003,0.38347193735520063,1.707865957655695,0.5434951481914905,3.1423757200753517,2.2513611058471854
42.100558543533396,143.11862514563083,155.03973798515813,23.535146519140902,153.03266624877486,0.22837702761084883,0.755369727612455,0.38015191832877804,1.987020691446745,1.1355216459412332
41.26475332490556,143.07058436558984,159.7670766177289,30.169584587840816,142.25319722092624,0.1764123794292194,0.4872803729890616,0.30193043705430295,1.613882912047794,0.7892108100433646
44.77842398486712,142.51448244865844,157.82497004746762,21.22656224828469,140.4240894959782,0.3784436313014832,1.609225571641477,0.5422642796708853,2.9676038639649267,2.151489851312362
44.49226150238681,140.2130364497072,158.52967132329735,28.73767801384197,142.17922554797542,0.16013486972233323,0.4264969100423877,0.2766523433182013,1.5416349087339465,0.703149253360589
38.185045086587316,142.7132184125817,157.22439400524934,37.05038781703014,152.80644114396273,0.1838165632427528,0.5413571834863459,0.311613970601829,1.7372686546781173,0.8529711540881748
43.46681935852891,141.4832689277232,160.47414852178358,31.728071350642182,137.53370600172727,0.3372343887399786,1.2281456333175023,0.48640234403847654,2.5249582950618974,1.7145479773559789
37.67305954986814,141.45176294588563,155.3586494919532,21.05117916240649,143.90214587842578,0.07483729301336345,0.18254471104301737,0.14843208758036713,1.229819737893131,0.33097679862338447
35.95144836053516,138.9141841092147,152.33492751367538,30.39151327142154,150.59979741325316,0.05527961107201863,0.13112611984154288,0.11132579990139485,1.1778592200342226,0.24245191974293773
41.59545074772666,142.7702286586162,155.6171325609902,27.922674484531683,137.9015522085201,0.05085510865427023,0.11599746551001973,0.10138008297953785,1.1441839669181588,0.2173775484895576
42.887973222121325,139.69657376283948,158.8145102193347,35.201109406682946,138.73121455876378,0.3789060202233261,1.5518742091203523,0.5188983363221149,2.990709548463459,2.070772545442467
36.74861712998506,141.17650683215658,156.3102589038102,18.739433124588572,152.74519109290443,0.1952755743731041,0.606055269887805,0.33989063997999364,1.7830890251154845,0.9459459098677987
44.66925218465772,140.2994491497745,154.2230804290155,33.00704073248208,136.5786234516937,0.2075579520367471,0.5946936159996103,0.3381732085802937,1.75854739793324,0.9328668245799041
43.99476576152155,141.06046401313333,152.36122009119006,36.203749844619,154.0496820220751,0.17241190127538772,0.5017283944803189,0.29544499360724297,1.698212544929104,0.7971733880875619
35.92494024496089,143.099495943111,158.20341153851527,26.07732045561542,143.88977654074998,0.15918096630904163,0.4400030548735643,0.28322670723246257,1.5535365967886114,0.7232297621060269
40.487004875097256,138.36883959769665,154.5737996845729,19.80426426575955,139.1988539409092,0.2744024007101956,0.9309276891163994,0.4314341302119392,2.1577516100988285,1.3623618193283387
40.34139232305046,139.25828865462856,156.6334099593403,36.47194773936593,141.27691618235622,0.06976496815350292,0.1599151975522444,0.1320870282917551,1.2106805612964673,0.2920022258439995
42.70913640325499,142.34560763922303,154.2607571024059,18.84356773725977,144.96874943758488,0.2643548404931061,0.9156643389322784,0.42542126692024956,2.1523708618542825,1.341085605852528
39.18015392623399,141.68376049155086,158.28924051634095,18.468761181527977,145.8334242880438,0.38168718142951724,1.739583513524366,0.5490047632729737,3.1686127878992885,2.2885882767973396
40.119929146458304,141.75201880295228,161.75735966297725,33.31624282903614,149.43919136137214,0.15872247344823354,0.43013045144978573,0.27502722615523106,1.5639558943412069,0.7051576776050168
42.591210311276136,140.63331664596203,152.72320925789882,30.94486906073196,138.3534379838162,0.3402124257427458,1.332174559009077,0.4918754428156394,2.708357529262528,1.8240500018247163
41.03308120340333,142.3122037888565,154.8899900753595,37.95929818468154,145.1801826831179,0.13477620062677376,0.3521307474535904,0.23911628100072532,1.4726339251341998,0.5912470284543158
42.06062434741227,140.4354884839754,158.15979557016857,36.764163054204175,137.8109770851198,0.2478236546285998,0.7560914423376194,0.3834181687337573,1.9719760407667162,1.1395096110713767
40.149932842158364,139.138559003494,155.95248676224207,25.844139584227968,141.32760570797572,0.12444456033369382,0.3181472173779994,0.2266399313210264,1.4037562380274313,0.5447871486990258
37.46689637408712,142.0601661801818,156.41560787820765,36.851057488995124,145.8089533449952,0.2756066741820975,0.9586372337620263,0.4207485421839809,2.278408925164719,1.379385775946007
44.014473284354025,139.86783832288617,154.77173285080397,25.401818979604034,142.0413577948037,0.3448524963279597,1.3804238835334697,0.5005273061994894,2.7579392101802536,1.8809511897329592
43.18557851442536,141.78647379970604,154.72161676408703,27.108740355158673,145.56600037956355,0.24398759472724757,0.7956839529266124,0.3922865951030192,2.0283230751681844,1.1879705480296316
38.103236062232824,142.22126933222137,155.56791354667445,36.610032509059565,145.2082346289079,0.34959913272420007,1.4694468577485051,0.4968785032146895,2.9573564729436317,1.9663253609631948
44.41144037491186,138.68694987745778,152.218708636683,33.80367285854848,140.0856588606712,0.06478459515978774,0.148436586731199,0.12414049896172598,1.195714436245047,0.272577085692925
39.98607957538138,142.59572898746654,159.30585972417867,22.628589816941087,143.27998715392602,0.3206742944098628,1.2089042678503923,0.4842174563677064,2.4966143866824395,1.6931217242180987
38.69281824207872,140.53216445317256,157.00503441182957,26.583801270525765,152.0663725456567,0.202502674086098,0.6215414895369581,0.34173606095624975,1.818776420017699,0.9632775504932078
43.3604092666192,138.45146366402903,161.77012061071088,22.920574773674623,137.3616218055438,0.3839856199605712,1.5442080904355615,0.5389330113851036,2.8653061842821903,2.083141101820665
43.82390570631503,141.5541391466816,158.82456648582576,18.124692469552112,140.70958285682588,0.30134611630505803,1.067244524407611,0.4649227298904179,2.295530968466868,1.532167254298029
36.95890344100808,138.21309529825976,160.30494035581407,33.351353494082616,143.05782826904357,0.2116462650970844,0.6157777260076421,0.3421222559328935,1.7998762586448789,0.9578999819405356
35.21162382707144,140.357578078704,153.43951277573248,33.51967017482045,139.13053049196012,0.2725424674459265,0.9250416458811919,0.42024777487660375,2.201181543799511,1.3452894207577957
40.252948740540006,140.98102338268737,152.54771703291541,22.808156461102364,152.4969111071303,0.20004374607194197,0.629126797652629,0.343400255335853,1.832051047944997,0.972527052988482
41.62111204505818,139.6122795095426,158.83114111304855,33.55549504391641,152.51339951313503,0.3837351667515401,1.8075660697786504,0.5257652484103168,3.437971747360512,2.333331318188967
40.15519919924805,141.8650117601641,157.8688555468103,29.982960699287972,141.86272635921156,0.2181563804789618,0.6540800020381898,0.3572600638779973,1.830823168249657,1.011340065916187
43.256559628317405,140.37740386947857,158.10707532295194,24.6840178510312,148.0100344168258,0.1592259552373929,0.4379141630794775,0.2801643554720738,1.5630616619362483,0.7180785185515512
44.59377308655644,141.30742840333443,155.74288930646023,31.609921340711395,138.5019098729916,0.09228544391368962,0.21980728314229842,0.17185620874626173,1.2790185745737843,0.39166349188856014
38.13026651316254,138.45593904724075,158.91139266638135,25.990341843352578,139.82325596901325,0.300492629070748,1.0468535669595112,0.4534923924038349,2.3084258622519256,1.500345959363346
37.812380518214354,141.47429774920806,161.06692948084037,33.9910853467328,135.73355360563713,0.14506454400953156,0.36745645435252505,0.25246697437450183,1.4554634532414181,0.6199234287270269
36.491798952552166,142.0387166205393,152.95254718827846,32.73852575861777,138.9046852178497,0.1669727918650096,0.4625791528885016,0.2898760854920622,1.5957823913044689,0.7524552383805638
42.80598301224497,138.77138761088418,161.24084861596253,24.163985740528908,152.27219106979206,0.157630525270002,0.4317826892432866,0.2767683960007266,1.5600866843270393,0.7085510852440132
42.22220642455214,138.52353702705076,155.86196117259692,29.97343857714878,146.18388018835228,0.23301961984482727,0.7306956152667695,0.37223333162435635,1.9630042588560006,1.1029289468911259
35.949556027030894,141.49001162276315,154.49130542876765,28.162343049930676,149.46097440104788,0.11669658929170494,0.3072937146089514,0.21865227196435993,1.4053991383132753,0.5259459865733114
35.0871316444532,138.4643498750249,154.40498790866462,29.615599033590467,149.12128898286522,0.20679859889314506,0.6379923069020345,0.3441513104728973,1.853813388144218,0.9821436173749318
37.278568032622566,139.3687676207346,155.54801043288407,33.1354844312684,142.68687904789877,0.14613537077259042,0.38680562112312983,0.2565795600683306,1.5075465131365813,0.6433851811914604
35.54384975618097,140.0755487103318,161.03397443234473,20.886109344174272,142.09268993403558,0.34569409153633207,1.3617206464187654,0.5096077172003061,2.672095811067807,1.8713283636190714
35.8767941593755,139.5701785867565,152.56378188615548,32.65444977761132,136.37098169465676,0.39550757043689916,1.8016082465348253,0.5436671283717323,3.3138075717959836,2.3452753749065574
38.223315564292946,138.48219673579635,152.75114837123365,31.686551208555663,145.14714540538418,0.34603358115197624,1.4579919922701858,0.49472548542879274,2.947072740767544,1.9527174776989786
41.87893611316988,138.79017428941472,155.394011416299,37.25168633181707,144.1682195835818,0.1262783658136249,0.31928785846418734,0.22329805983673434,1.429872963059493,0.5425859183009216
39.33177872726096,141.3689167723222,156.50195453993683,35.86931243113473,135.93446855972687,0.21343942651811532,0.6162910593134143,0.3454725470029264,1.7839074758903894,0.9617636063163407
40.73184166644673,140.80911769929267,152.00948194884361,21.24488244538348,153.63299913555255,0.09536373309804293,0.2479438252800216,0.1866262419178135,1.3285582066706951,0.4345700671978351
40.237529324127195,139.11570410760652,161.43702670473894,18.75579614860498,141.39381500547327,0.18327889764869143,0.5119930950844515,0.31530953959178043,1.623779273368354,0.8273026346762319
38.33682344779195,141.88958531888568,159.8184146997088,18.031658942332076,152.2224106628882,0.39787994823864725,1.9900529217108707,0.5645303736459214,3.5251476530101638,2.554583295356792
39.0278732529324,141.9604582716223,160.0910998532584,32.74641098333408,143.6551905289181,0.16920306630363047,0.461680820863818,0.28985565157261955,1.5927956496930677,0.7515364724364375
36.877887790055624,139.2943570574544,159.06620001605486,26.648483567898595,144.6928013464907,0.05923621140733691,0.1372698963053326,0.11679604008666399,1.1752958080040794,0.2540659363919966
35.22703745264621,141.6582707473612,158.89209326408354,23.28243370538212,137.29355931836938,0.25524996946952916,0.8169568640485299,0.41076292613541826,1.988876824241922,1.227719790183948
36.05721837716108,141.80973332679147,161.2326214281864,20.856579930335275,154.37148574952505,0.26192953407731734,0.917578217951609,0.42175046046740744,2.1756424804722148,1.3393286784190164
39.45815528415821,139.96452722324668,157.0365198698533,24.660954281848994,145.22769728820023,0.216466506420059,0.6624842421354946,0.3587542270020384,1.846624213104339,1.0212384691375331
42.509610891792256,138.15699863359305,160.91907742359064,34.38914911857905,143.38496098983455,0.3592517451280968,1.4229647577084126,0.49835767900839856,2.855308180541615,1.9213224367168111
35.137005885051835,140.8747630788309,152.5997522212484,37.991399468607085,153.78233309458594,0.1437145780274224,0.40042720978126806,0.2566065397543785,1.5604715692926352,0.6570337495356466
42.05425944494218,142.6415784709016,160.929391701325,18.076937992483934,135.71337446413162,0.112065467389048,0.2782664353625037,0.20999888101061603,1.3250853243757834,0.4882653163731197
42.825609648877716,139.73632902465891,155.52132402134427,27.88483255446803,151.84015505585373,0.33218597362594393,1.373774366945142,0.4854130405845924,2.8301142575211387,1.8591874075297345
36.821478208049925,142.6158381682077,153.2126973423772,21.023963963666883,142.54130633544264,0.3385836774175158,1.4084321281462142,0.5085258394883988,2.7696372903354605,1.916957967634613
38.49361712976088,141.11742530139213,158.35148963012807,20.65137280794257,152.1836054645771,0.11552022589873001,0.3041076968042866,0.21857658951609882,1.3913095518488185,0.5226842863203854
38.520381138986316,140.92875539650373,159.59290380490114,24.84486161004705,136.66127443014392,0.3506825841536806,1.344913885452009,0.5114601610855666,2.629557466601992,1.8563740465375758
37.344264741382915,139.6221042340707,158.07832708771596,34.480500745951524,146.49489965074594,0.2593963423235421,0.8590429721856755,0.40132444665651684,2.1405199193382507,1.2603674188421923
36.932042049951946,142.27279392247695,158.64788806279972,32.136220792315605,144.32287007998195,0.20907123522963805,0.6234114223804553,0.3455739276899859,1.803988589497172,0.9689853500704413
36.62909863017962,141.6464149026362,156.29749828947195,32.14247210498498,140.9938085642794,0.20637990520946847,0.6095235210679789,0.3419401868677731,1.7825442708308492,0.951463707935752
39.72915141556445,140.6024423443168,156.80549262412183,23.024973757107936,143.99070794825613,0.27667966441087655,0.9584332918091371,0.4335492556672752,2.2106675983885924,1.3919825474764123
37.80738345084367,139.02860926627267,156.87072152098173,34.196698427958246,150.98023647150885,0.07683557819068272,0.18426789179131853,0.14742267412854582,1.249929109484511,0.33169056591986434
42.72911609764583,142.58375654809606,152.04941585620446,30.024199404616724,141.18974894174917,0.31588205468339664,1.203091032110201,0.4714725694307803,2.551773125555789,1.6745636015409815
37.31337950395368,142.32184676737026,160.7806012791077,28.14077478966503,147.3463863244867,0.13966376442546455,0.3705703582127963,0.25152506355516924,1.473293965122151,0.6220954217679655
40.30207574899665,141.11254348233652,152.81295541711967,21.77843481984633,153.52483957833698,0.36956335844748267,1.8081102322163685,0.5334734430231189,3.389316292803747,2.3415836752394874
41.789150252468744,139.76581942107705,160.1106701997335,26.31547622220396,135.2895037762478,0.06402524962108797,0.14490276319167475,0.12328047125098898,1.1753910552196425,0.26818323444266373
40.410397739954774,138.80436058807825,161.25650995774444,34.24603710717698,152.71556883001227,0.07368633027997794,0.1732915258019942,0.14050662158270713,1.2333335173103477,0.31379814738470135
40.06976708939995,139.56923239159536,158.37437670505582,28.846938198673914,137.3070217633781,0.29017757383522763,0.97248345827327,0.44005912800816177,2.2098927084526543,1.4125425862814318
39.42584718586261,139.8086325464188,160.36984419299958,34.315867403478954,154.53375224375597,0.18048762760023185,0.5193290216640478,0.30493199550556455,1.7030978359716629,0.8242610171696123
36.669798555285034,139.73421276195668,154.13333900446432,32.207408291670546,136.94128632721203,0.06547064109801094,0.15117587676209523,0.12670614686671544,1.1931218847742247,0.27788202362881065
39.78432243883159,142.85931221826255,155.90435928181074,32.49876809878172,135.19138230205178,0.3085134094798685,1.086571240587632,0.4616896495837941,2.3534667531905007,1.548260890171426
37.47572186190637,141.59360087040804,159.54314169552376,20.023181110654026,140.84462966014803,0.3304802867664732,1.2611661783246748,0.4972700185580996,2.5361798042471846,1.7584361968827744
42.01461655200667,138.64484457909995,154.10277066001308,37.60910034120843,140.89458517898672,0.17413525528640134,0.4750921833630452,0.2906252799204671,1.6347242177041845,0.7657174632835123
40.6606439321353,142.89687818877442,156.42524087565343,29.08758156520583,147.49172515350028,0.329485436204379,1.3232887695524733,0.48673761951203864,2.7186901453787136,1.8100263890645119
41.40709690743292,140.75280073349705,155.76314407767563,35.13920116149827,135.16409945185407,0.07545095716069855,0.17319263112587815,0.14199248775580928,1.219730943961804,0.31518511888168743
36.56317440206568,141.20178637342661,159.7434737195086,31.507837421674882,139.9408179632386,0.31827207954305664,1.1543667219398783,0.4701435024263176,2.4553497304172454,1.624510224366196
36.27267680884485,141.43147275334383,159.5076373242272,33.93433388321626,149.39151965803686,0.3883528057243379,1.8350606860208694,0.5347526163095003,3.4316067468453224,2.36981330233037
37.1363325690107,139.34304519693038,161.92396135439063,21.3356021991453,153.68391416268247,0.13734686227513,0.3701248358358433,0.25067379414563384,1.476519861588771,0.6207986299814772
36.232937558883165,141.5795927875938,159.11530034605875,37.33943560935646,145.8464818001637,0.2616297014730511,0.8678561283235758,0.4033571558841192,2.1515823276305106,1.271213284207695
44.37050747185894,139.443379378927,158.00436194101982,32.37485224848611,140.72759774742104,0.22098653517745337,0.6481813410330163,0.3536669311869086,1.8327451165923694,1.001848272219925
38.166293717384946,140.3089815532546,153.2288847865603,33.61760241732087,154.3800191996499,0.21050569124559998,0.6709145448456737,0.34857678844773493,1.9247252458586168,1.0194913332934086
39.50998070292127,139.99523535604686,159.4498002007577,27.19162827748891,143.4656504482806,0.3160298902644699,1.162527678309362,0.46997101396321905,2.47361569920213,1.632498692272581
35.82287113708568,141.2626818712255,157.77025557961016,19.059213612339335,150.72026215594923,0.10920271295690205,0.28606618956804003,0.20952020296391693,1.3653394065168296,0.49558639253195697
42.190710699828735,140.0087261378795,152.51857541927717,30.566733694412548,140.44968281124028,0.06591689121373948,0.1536473825206161,0.1281132346199971,1.1993092124818883,0.2817606171406132
42.84075380821517,142.07189959546673,160.05688936164896,30.23199866887164,151.19733008329817,0.13533269008590354,0.3569916477768255,0.24324905333187635,1.4675972748381663,0.6002407011087019
39.5285664992979,141.77594854329394,153.6329512653203,25.769393099647782,139.71251264332744,0.11836602699838648,0.3040161036173559,0.21987395776393803,1.3826835461057871,0.523890061381294
41.28187094652304,142.18559383392164,152.64452983771793,29.703602297563606,139.40977388093174,0.14853391446878422,0.39835532561709996,0.2640550410791669,1.508607160041562,0.6624103666962669
35.16134568144378,138.7630681303187,159.83604087320958,24.2939017730943,135.5496259654341,0.2916593024882087,0.9772890504107467,0.4477412453741401,2.1827094566508105,1.4250302957848868
36.4433953885469,140.70284748844946,156.51782162708116,21.622663158751724,148.37307998265524,0.11162696980305595,0.29071356736045506,0.2117674107015924,1.372796533693789,0.5024809780620475
36.39792646666974,142.80719971261883,154.11463384906472,22.72342704304146,146.577222972265,0.1665815219894789,0.4823134097449913,0.29828670213548225,1.6169457313786784,0.7806001118804735
37.22468571827828,140.05706945308043,154.80489833706702,33.73927950186327,137.67005818676387,0.3852077576180631,1.6810634703966518,0.5318509223524169,3.1607794585768145,2.212914392749069
42.54657311819622,139.11175449200408,155.11502302870525,28.97813563574665,149.75853917450476,0.27638501980653396,0.9789553636291639,0.4248765006644607,2.3040939239948175,1.4038318642936245
35.938091148534276,138.87195849621514,160.48822185535954,25.142365611534505,152.87580478678774,0.37196810399410074,1.6984216493228264,0.5275512173506317,3.2194440908549495,2.225972866673458
35.141242539836405,139.14852336211962,161.17574577370166,27.220819472319754,148.42111261561683,0.06829977908875728,0.16103839890012311,0.13333136561632403,1.20780581640129,0.29436976451644714
42.279310610482675,142.81703329937295,161.67010922064958,33.62106167543152,153.7178799501496,0.2224114114439184,0.6927147552705071,0.36079428497016164,1.9199715298367208,1.0535090402406686
40.43684463254097,139.51935135946547,155.85305201688752,20.054523032712794,149.61310268393748,0.3705683743931545,1.7035357347646687,0.5324595380383995,3.1993712443213185,2.235995272803068
43.33502032441221,139.05920916068175,153.0956790957642,24.577133155557934,152.780923002201,0.349899256113381,1.5637575532124957,0.5060496231353259,3.090126900053676,2.0698071763478216
44.654781128461494,138.2540151008734,152.08923638196526,26.21595382762316,148.6589045178522,0.24280121091590767,0.8030141168938748,0.38792963701165906,2.069999402674513,1.1909437539055339
37.35506515842237,142.4317409223947,159.13912660184928,37.171179627521916,149.02837505954292,0.29736802101332616,1.0931670304875059,0.4438305265842693,2.4630280366259307,1.536997557071775
39.876279215884836,139.57964082565132,153.31779868919767,19.27066494148162,145.0601911564215,0.1595513072279713,0.4500571768813431,0.2858031214441099,1.574710502136184,0.735860298325453
35.630203783188755,139.8728845680685,152.45919319621586,36.37352853125501,152.85524571249258,0.3621950556987816,1.7358590489278833,0.5080791256670651,3.416513218583516,2.2439381745949483
41.08904766389712,140.53773404032475,159.90660337536195,37.27639292556731,138.76567800058683,0.10342500954143619,0.2453837278229299,0.18651056543099073,1.3156559107302817,0.4318942932539206
36.671481321442535,141.28879511419868,154.58461606509914,34.47631721565702,136.0100939876723,0.2721966367218576,0.8989147388032459,0.4189776427225076,2.14549571896514,1.3178923815257535
35.96838421375629,139.68193888311478,152.44736213957825,28.196552655468714,149.8014046349973,0.297084948862241,1.1521946166769883,0.453214482284435,2.5422722832450817,1.6054090989614234
41.23434851887304,140.80225868079083,160.87749391125598,32.93094456509775,147.07824524433835,0.08754755544892664,0.20886971346763558,0.16412955756361342,1.2725904862485342,0.37299927103124897
44.16778302851623,141.69403307320087,160.85685121521723,36.62195260159474,152.00407066703434,0.1186185876981032,0.2998154671413836,0.21363059223934266,1.4034294620382974,0.5134460593807262
38.44348037653967,142.12168539244485,155.45519969000574,30.36189627353266,142.3297824570146,0.08102572897522176,0.19505768700256665,0.1559737843447349,1.2505799472778585,0.35103147134730156
39.493596249900826,138.552269302533,154.3187598018469,18.33214549172175,142.5137334917781,0.37590360817874613,1.6825108953136825,0.5393989730613533,3.119232663281892,2.221909868375036
35.55621157443027,138.8458922238368,159.875576104061,25.604929988731087,140.91729436142978,0.2932763724231196,1.0139484925563553,0.44735667563776416,2.2665326075906704,1.4613051681941194
43.40519440109201,138.36370100877187,153.26758510393634,24.5946984542285,143.29266551654163,0.31399886816356354,1.185520904963149,0.4684403805629706,2.530782900351999,1.6539612855261197
39.160503969570996,138.19665481284937,161.63452833729056,19.971028043839656,136.16343611065923,0.22365261997914387,0.6533950923804422,0.3673343072487089,1.7787478040760614,1.020729399629151
38.867069623255674,139.52023289875675,157.84604884636795,32.283998438616166,151.92066360243837,0.13620371966470055,0.3622962237923621,0.24364732541713296,1.4869698371287186,0.6059435492094951
37.878384492735485,142.15706931522413,161.14881222876903,26.60421715920262,147.7343736965225,0.122206674811929,0.31533219087821407,0.22508346323576808,1.400956722208922,0.5404156541139822
39.8008991032587,139.17909495074665,161.566071421614,27.84705762423853,143.5716068281438,0.2837388133704314,0.9543597672051575,0.43236425771505194,2.2073049521917807,1.3867240249202095
39.15970928385831,139.4229670092815,159.78350790973417,30.608520315836948,153.2768751752048,0.07819225729464643,0.18836987468892377,0.15054797920958968,1.251228184382862,0.3389178538985135
37.64630528953819,138.58862898798853,160.6927072875614,24.413806959399455,148.18919716095334,0.2810268717626557,0.9779840551879095,0.4339388557677012,2.253737000476053,1.4119229109556106
44.354607240177465,141.4419148854492,160.23926754013831,24.996437317125164,143.71798097601405,0.3461823154680755,1.3549263495812491,0.5030602193355564,2.6933681048579836,1.8579865689168056
42.03164078919083,140.82906772353402,160.61780728249076,31.793535854210145,144.04817844766092,0.20938237133217003,0.6088335215821136,0.34173477080468384,1.7815966462777304,0.9505682923867974
41.45313246041459,142.84047403621895,157.09704959859505,22.426824820215863,147.10880554308443,0.08384295696585561,0.2069374217077156,0.1639579872079727,1.2621368756206162,0.3708954089156883
41.57092584813407,140.5995225829402,160.2628799897317,27.965442525739547,148.8616934694462,0.36551849679267706,1.5688998728797745,0.5178844764874696,3.0294398540786047,2.086784349367244
44.47678377661781,139.1858612966507,155.22229189718166,31.82999368771161,144.82464285248733,0.20810624353927298,0.6151817661204912,0.33954454400770184,1.8117851603780657,0.9547263101281931
35.624104936695964,142.00067408272608,154.46682015495384,27.630329000351384,138.08097910291653,0.3990206258553099,1.8534324297812619,0.5581439508235081,3.3207068302838953,2.41157638060477
42.551129609796696,141.34307376469556,158.71003494740364,36.55694868790633,147.86962458833568,0.3168822543161963,1.1965587796583437,0.4604701439246656,2.5985588760649474,1.6570289235830093
41.802015678092,139.46545691113744,159.12268860623092,32.6274636752774,145.37145141618302,0.1534213859290235,0.4061360563863953,0.2652441832434204,1.531177993877722,0.6713802396298157
41.95490699686775,139.5498981576316,161.58496954195172,21.682880583996518,149.18581451977715,0.16557150198225626,0.4581428661443022,0.2897644395794111,1.5810872680211898,0.7479073057237133
37.89609515010231,142.82735513381544,153.34966516431004,37.65234004115661,142.63051167910214,0.23471067688514036,0.747085882766111,0.37461461174189925,1.9942785448017595,1.1217004945080102
37.71968759021009,138.8215479594561,159.2056491224915,28.111686436137752,154.2750002649194,0.0669617593603507,0.15995793904858013,0.13187364982002786,1.2129636153005532,0.291831588868608
36.135619732187294,142.45263007763486,152.43419128651564,37.899873507055204,153.04184608192924,0.2333751194110692,0.7883612357980658,0.3762419498061033,2.095357086588427,1.1646031856041692
37.44549075252684,141.9339631356238,157.50476217630631,35.33439539782405,135.08279987003874,0.10796127405811318,0.2611625469066534,0.1966329673758748,1.328172739250925,0.4577955142825282
35.42361244444231,139.36375560135926,160.88980593849507,29.351916909287734,140.00927027020884,0.18108915849705842,0.4973963305055873,0.30638934582472543,1.6234126195436647,0.8037856763303127
38.590379856361814,138.27646580413077,160.56004330199374,27.25409879819372,151.82421893440787,0.24825555453635872,0.8146133871548058,0.3935636698888754,2.0698388837181434,1.2081770570436812
42.293882396455516,141.6300707339978,155.83346012800249,19.42202366215326,153.58548499530562,0.2543554148573964,0.8902713356259964,0.4130533631540447,2.1553421786181595,1.303324698780041
43.59300576289678,138.8425784220566,160.50081202007019,29.52386331105619,144.75791730624786,0.36285312952472126,1.4737352122335605,0.5091456466281322,2.894525804145668,1.9828808588616926
41.91930388998201,138.98253377562628,156.4891922824079,23.125526433268504,141.528952828371,0.23800744024385645,0.7444793653411315,0.384511755278983,1.9361680237863559,1.1289911206201144
38.797202042113284,139.8224042960792,159.2388252031409,20.542307799946993,138.8964999007542,0.2778141732120274,0.9272646654119056,0.43579387866162367,2.127759729575938,1.3630585440735292
39.56794949401477,139.0709688425564,157.13894185472316,37.227711450103236,154.4650763739877,0.20548712159383103,0.6280266243729689,0.33563252639498076,1.8711733070646777,0.9636591507679496
42.588099391133916,141.3646918800081,160.31551193616227,24.87595029309511,146.0660145838197,0.2073751575201206,0.6142401969671237,0.3459707605339146,1.7754107197359856,0.9602109575010384
35.77550646058967,138.6744325753345,159.94432449713452,32.71628951620736,153.38642028678169,0.28342509091210827,1.0218986537805073,0.4299423133397562,2.3768273604951404,1.4518409671202634
44.42024105407719,141.92157736510708,154.3781827043219,22.179718107090764,139.9933107421559,0.22074651535758172,0.6745237966833315,0.36704185916616544,1.8377298933034347,1.041565655849497
44.4078158866688,139.74063624870783,154.8739679533995,25.27647084693942,153.66886681198625,0.15841047677130127,0.4477139912984165,0.28046485363873813,1.5963283295207786,0.7281788449371547
41.32023799135642,141.2398362138487,154.64267681577832,21.30454005947617,144.49865674472085,0.308239845722519,1.169450083531251,0.47123131948154234,2.4816900642722604,1.6406814030127932
41.84615693340896,140.22065922586737,152.20463000061582,29.886893862999855,136.70433974329086,0.09311015702408187,0.22495372723590265,0.1749306139873095,1.2859597420278999,0.39988434122321215
43.015237154569164,140.97245603430613,152.9228199414291,26.834733152825287,138.3029102052727,0.3943927246114335,1.7887441557048758,0.549474058460641,3.2553750776079706,2.338218214165517
39.6080422839779,142.88099900028482,155.49659741788108,23.757003343346156,154.89626490488578,0.1621642352593224,0.47329306884988115,0.2917921492085279,1.622021257712607,0.7650852180584091
39.79153818470655,138.68464674642115,158.18969519090876,33.69069663728327,140.10087625169893,0.33900234656880507,1.28349704583637,0.48317831691704266,2.6563630877019153,1.7666753627534126
42.77040829460933,140.97556159411707,155.94716864923612,18.203661038714877,151.04628265394862,0.38267086216388335,1.843793434061706,0.5472013331126584,3.3694973357861024,2.390994767174364
35.505770838569575,142.98092248622038,152.03206920567305,30.90486127328115,144.2800348809757,0.08518252063867052,0.21153739168701186,0.16563432659327756,1.2771349758100041,0.3771717182802894
38.8119307702218,142.2456876081651,159.61788397418547,31.01915867115894,138.81190503195623,0.20300014216044715,0.5802322141558816,0.33660476003286205,1.7237789926061493,0.9168369741887437
40.29710896718805,142.94149994922967,152.73992651860937,26.252892711353596,136.24768966610483,0.2743045849834747,0.9306847371866527,0.4323866344104534,2.1524364148203015,1.3630713715971061
35.86103393087853,138.92921863011443,155.82090206454995,26.45567221382634,145.0001144265217,0.32173833795034656,1.25416986868709,0.47806828035324556,2.6234115925038606,1.7322381490403354
37.919156551055615,140.5696736138276,154.86925078303742,32.10820214505418,149.40380841595345,0.31340896304038035,1.2346635176275806,0.46512911108440214,2.6544533296337565,1.699792628711983
35.575551642407184,139.03705356148168,161.19466959395214,37.34623876533797,135.77056428559675,0.07635014876022758,0.17249117714086395,0.14153089835527638,1.218752789287537,0.31402207549614036
39.480026892574536,142.96324851078876,158.11987784537084,37.197487499088965,139.22892971630026,0.29767950977449936,1.0310304858820258,0.4432074085639409,2.3262934372480837,1.4742378944459666
39.08060017406295,142.84686276954946,159.65479644814036,22.004039209974557,151.57482820257903,0.1631130915109012,0.46438400439653443,0.2916350968250177,1.5923460840351695,0.7560191012215521
41.01996938895136,138.27190161318933,155.98065242848955,35.504242800959325,153.40292731615705,0.17166106585669,0.48823841719125466,0.29154072761086247,1.6746834008143685,0.7797791448021172
42.781757610539,138.51724584167485,152.66381459763497,37.09882169321328,139.0159689660565,0.16390716245457027,0.43800492200373686,0.2768620392949105,1.5820331422798584,0.7148669612986474
42.94941198942176,141.66629276596706,152.8415994299148,23.241592752774103,147.4179646308164,0.36222109791319207,1.6324945455144546,0.5240339453289452,3.1152457967006497,2.1565284908434
39.549323799923705,140.61762971892037,156.96159748979372,23.218593777228712,153.8996353785402,0.06014126829845268,0.14480747582299,0.12169423164595318,1.1899288393905187,0.2665017074689432
41.19488729760564,141.98094201627703,160.35872573328928,35.19750779491841,152.468629062899,0.3677179965397158,1.6413850270883539,0.5129450147120765,3.1999239294872317,2.1543300418004305
37.62269786264855,140.22525182305912,159.392339665934,28.782456492672424,139.06960827884856,0.2838586882435239,0.9499777987674203,0.4346779662084133,2.1854749322903064,1.3846557649758335
41.88817096816013,142.56465826054801,159.66344046889876,18.31896094992484,152.6821503716172,0.13305795604851242,0.3606563064066193,0.24739317432020183,1.4578264230516749,0.6080494807268211
41.63047799274591,139.02343056671845,156.395138416908,25.685166192699096,146.71514442029078,0.3791603529129609,1.7145553939895442,0.5318617569505336,3.2236861770623757,2.246417150940078
39.533405327249945,142.62510595672777,154.33255296705758,32.85763738299442,142.71049333097233,0.08024393022595366,0.19289234888581822,0.15417402174404335,1.2511339245340196,0.34706637062986156
36.97853376857136,140.2078401697151,156.75715994183665,37.31762344915476,149.64975916133073,0.2399920284216457,0.781024596693189,0.3783846190523445,2.0641023904440066,1.1594092157455336
44.23409462591414,139.9291515153388,161.51276405076396,21.616095167539406,141.7420742979845,0.12524082672520792,0.31542606621719715,0.22747285203802056,1.3866536748942497,0.5428989182552177
39.364780026129544,140.75839947617058,154.97774923474225,22.590567944416698,149.76315960927352,0.21487965297806566,0.6808311281530569,0.3612752269594109,1.8845220412235684,1.0421063551124679
40.69696751381852,141.83422878188952,161.73279859552434,23.34836002549088,149.83597967702644,0.3804838964741694,1.7135717524704697,0.5402235892013131,3.171967656954556,2.2537953416717826
36.21481069564758,142.66173302400247,154.93640660966037,34.35121804877395,136.0963931580325,0.28283521944632417,0.9592855927995202,0.43305375881849983,2.2151651458163952,1.39233935161802
39.078429886758485,138.61110848702626,153.29201992145116,37.1050679807189,145.69961154423882,0.16120440337558767,0.44244410741933576,0.27590868037289595,1.603588936822734,0.7183527877922318
37.10531662257208,138.4370222781064,152.1708077790063,25.632487880557427,147.4624995336245,0.38489279974915214,1.8859113779561767,0.5395376647698389,3.4954211746471615,2.4254490427260156
41.276287195124915,141.3047385899459,153.81257510708946,30.456986944851344,140.35485959968702,0.3405786683617324,1.3523023230541338,0.49410050633440467,2.7368972622321146,1.8464028293885384
35.724652832825775,139.8999301364029,153.07997764795252,30.109786787365202,149.493900889725,0.34183689099390174,1.4878329057659074,0.4965184592763564,2.9965309002495655,1.9843513650422637
44.00386406062284,138.9688578176414,154.30407792850315,18.092414680988274,141.43626507564662,0.306151663341746,1.125009040045942,0.4674972972896311,2.406450361463714,1.592506337335573
35.357631393968724,139.44985083945994,153.59691873037963,27.141960906196363,151.40337275748234,0.20701979868514814,0.6526878671928961,0.34852745322897793,1.8727014504768116,1.001215320421874
40.74424166381418,143.06216319720494,157.90171262460805,28.45527419796966,138.71407225022415,0.26409437509818906,0.857148174498427,0.4157031177260323,2.061923853703997,1.2728512922244593
38.03959130010228,141.67342656068357,153.92122086223412,37.92176024704857,137.39780729308464,0.38898967951043356,1.731142382117749,0.5315657930968115,3.2566850700313297,2.2627081752145606
37.78618651098412,139.82755320401688,155.33445280475942,35.83959482479965,149.72315515504158,0.08920921757438934,0.2186911807805856,0.16848702923767073,1.2979704240146346,0.38717821001825636
39.99346595187996,141.69669773880753,159.3147202014217,30.313314531765712,137.11702044351642,0.12854557783005638,0.3222406276174111,0.23041662570395124,1.398512918210334,0.5526572533213624
39.62955058596491,142.23087748716154,157.73579088300528,34.95170491551676,153.77345658283048,0.1949107261389555,0.5866456693052967,0.3268977096748803,1.794584825598049,0.913543378980177
44.32825083047229,141.35424346089263,156.22834468498456,31.80682945034298,144.7001620936254,0.3222175836903594,1.2245568858173805,0.47142449117570306,2.5975673914679582,1.6959813769930836
35.330943826029326,138.22360691720397,160.58352100079875,18.799190020961333,154.45008692050848,0.19397090051180238,0.58741331136251,0.3338346341345596,1.7595936769273008,0.9212479454970696
38.47463680222778,142.1638108230756,152.24171503051733,27.060597269775236,137.61081607808615,0.10192742825718376,0.25503252303586055,0.19315097836077053,1.3203791417484134,0.4481835013966311
36.582095867316546,142.70879255469688,157.49135549618072,26.7143959818938,144.34448338392968,0.11261076526865076,0.2880916517743625,0.211010529386613,1.3652951471749624,0.4991021811609755
42.35711613296586,140.09733190033032,160.25475077904295,34.04299137631027,151.22007745484723,0.257512476203949,0.8522579886945274,0.3983174677148757,2.1396450263250624,1.2505754564094032
41.22728611867175,141.6782120089489,158.5752108159219,36.27012180513691,151.06287609873704,0.35458030424402526,1.5277109596578442,0.4991499535103918,3.060625266843862,2.0268609131682362
43.709811484209624,143.1277248911971,156.65381926161757,22.99079208825814,143.59738709487948,0.11601088407070828,0.297453903847931,0.21680757241987342,1.3719719312749672,0.5142614762678044
40.7958834430487,138.76906142038774,156.2824369288553,24.01357198639715,144.90822025418862,0.15096949443666446,0.40820947530434354,0.267957031088148,1.5234139356099137,0.6761665063924915
42.97122572920784,139.3743899253407,156.37885736991745,21.55399360661754,152.2113757006375,0.19619551021293674,0.5939613261759705,0.33445995224275865,1.7758817526376367,0.9284212784187291
38.85236812917605,138.73877367078447,154.6191522525723,31.411724003802316,151.70453241423724,0.39165230331974465,1.9737328242555199,0.5366498673521144,3.6778781554426176,2.510382691607634
43.64266655151637,138.34721056660752,159.1727580829825,28.826372209293922,152.3953126673501,0.19715723438772892,0.5806031247535309,0.3277386469646012,1.7715430576493514,0.9083417717181321
42.12229390667362,141.64341439669062,161.87346026853282,19.250370391449625,143.8499368229811,0.23861848073677627,0.74515651195931,0.3900396344233317,1.9104635688140097,1.1351961463826417
44.58333782834695,139.80067156482323,153.06858568711974,22.69267788675567,151.65902665090317,0.17948962883990827,0.5308690709324142,0.3120240293219367,1.701372397779916,0.8428931002543509
39.290103415033286,139.40753264245848,158.90644480981365,36.1345024584675,140.6603997471011,0.31731171222506743,1.1418366113709755,0.4594008574469635,2.4854908145285672,1.601237468817939
40.012742916042626,140.95358120952096,158.60929510494643,30.186334467709642,150.65996738304742,0.39136348802095383,1.8793967228363826,0.5404418499802301,3.477518854073075,2.4198385728166127
38.297496234010104,139.43626947883965,161.0123024983265,31.145517855223652,145.75951033117065,0.1908036921831247,0.5411520595498268,0.3182470316436752,1.7004151044391418,0.859399091193502
43.95009854385944,141.32878687315738,156.14725761427775,36.743729469008386,137.19679206389887,0.3444687957135734,1.3072018814710162,0.48742843427045324,2.681833454028055,1.7946303157414696
41.682449736224996,139.9148141966909,159.42446237905736,20.48848245482928,137.83393114205217,0.09099327936571087,0.21851362908046032,0.17289191372580584,1.263874199617035,0.39140554280626616
35.078372502807,141.92817902645248,153.87151331312853,30.41618714486788,136.58357251727344,0.13607232578792122,0.35560362310897714,0.2456681865648483,1.4474956162673898,0.6012718096738254
42.0051077093281,140.56462334668777,157.55322096414938,30.924187970218888,143.96300282903508,0.08815655821223961,0.21133041211751416,0.1659577692770411,1.2733987269058213,0.3772881813945552
41.213279842777006,140.43115469043082,153.17494241721678,37.84174526197638,149.16712483235602,0.385340757007812,1.8853087514175255,0.5239486073016925,3.5982703745063196,2.409257358719218
39.14764547982986,142.1175163110964,153.30270181078936,22.955945564908745,154.63577320413475,0.23060768504085805,0.7836503491529628,0.3846828408536545,2.03713362263301,1.1683331900066174
39.635653896392625,140.8790909227354,156.95668536118018,18.692052477034682,149.0675382948506,0.058426944869333294,0.13994627287589426,0.11878131058467278,1.178184279892535,0.258727583460567
38.39013409924078,140.40674150620546,153.71300077639202,32.03356341660607,140.36285682809103,0.2728737705826729,0.9266217241732962,0.4208863782035998,2.2015958989412856,1.347508102376896
41.61893619350689,138.37013372004952,156.94135861323178,24.273927097309237,138.2464965856724,0.1366365435749054,0.35072734117730175,0.24429857920122483,1.4356503518115562,0.5950259203785266
41.496768717938544,140.6285661289462,161.4986397255478,33.36901363835448,141.45106806619765,0.24512073475289503,0.7489058809704952,0.38327601790136107,1.9539596687294734,1.1321818988718562
44.207846428325205,139.49530694664614,153.1836140880367,31.162007986852334,149.09781457667935,0.11733200216195035,0.3019626812506798,0.21467975624018992,1.4065726854693985,0.5166424374908698
43.83150538181356,142.63334539610094,157.30804856830864,28.47469957388389,150.374541325465,0.35994348036227675,1.5775810765920277,0.5151553530481456,3.062340451783269,2.0927364296401736
41.89674036397221,142.25864362963645,152.32351487701595,28.018939352566562,143.7731927244372,0.18485858681192086,0.5399290209365987,0.31768737429424904,1.699560840704058,0.8576163952308478
39.378241502507194,142.53389536068894,158.92799333374586,19.679981477865372,154.03052464496338,0.20398636442370438,0.6374798691289942,0.3506889013015292,1.8177931116812749,0.9881687704305234
44.68727060188225,142.50502598287704,161.8208160378861,27.135698483836876,154.9137999513617,0.28538770339620606,1.026342568595185,0.43923286315311655,2.336670715454645,1.4655754317483016
42.441555864533406,142.40098677029303,159.53873758563435,34.177511023033034,139.53166535492213,0.3104454666136352,1.090084910483829,0.45769037676524493,2.3817081717733974,1.547775287249074
37.94117915000904,140.65946317075156,156.33425702712034,32.3968864960575,146.94627741379995,0.1903792483632249,0.5560704482772587,0.320451858407234,1.7352698500209596,0.8765223066844927
44.465452307075246,142.19958458612655,160.27420745804105,18.591829666597285,154.1437820249533,0.09608087943762578,0.24376921400920348,0.18596040421856744,1.3108662300103995,0.4297296182277709
37.571251027995274,141.88363149796183,156.84842482364112,21.83387039245363,137.75930168416355,0.13810156391159403,0.3637056385578662,0.25214885190629815,1.442424329153892,0.6158544904641643
42.42339882366118,138.92428858510723,156.46888635027213,35.31735229417491,154.43844896651478,0.353843877605855,1.569789771912699,0.49575775546493145,3.1664452136316434,2.0655475273776305
37.42055884884503,141.68976719424137,159.86239928218455,18.365256965065655,152.1200618115078,0.05407824526839763,0.12932330455597296,0.11107813682298545,1.1642552553979464,0.2404014413789584
43.667144910083096,140.73773458939596,154.19143424822852,31.70542812714924,144.59056752372067,0.37331440300484997,1.6537717294075078,0.5207896171059361,3.1755082572452804,2.174561346513444
38.66272984258732,142.7007273656598,153.98600048768932,28.38662829108358,149.69199575957646,0.2367325272966505,0.7890120431624028,0.38675710705817934,2.040071219799751,1.175769150220582
42.09475089620045,143.1211213709299,154.4402249401587,21.431112676747237,148.41315369987504,0.3928692431477347,1.9499221614296987,0.5575921292150615,3.49704032618728,2.5075142906447603
44.04866110930625,140.25851530631093,153.0891355258673,25.891442114736414,141.99665285461379,0.364178757638909,1.5566065208126159,0.5197810582233603,2.994734987329436,2.076387579035976
36.03206422250609,142.22877036174705,155.07388105378658,23.18197637161503,151.42866141625942,0.29318217258552964,1.1320506316936132,0.4575366351480425,2.474229481814767,1.5895872668416557
42.83655233806034,139.67204815396408,154.0849338886024,19.877027603274463,150.7510640731062,0.19575992665678144,0.5978673354712113,0.33603750413423816,1.7791684800526877,0.9339048396054495
43.74732667285542,139.2419377724233,155.80929839900514,27.65326785932869,136.80391446334446,0.08665925031968215,0.20437495119699362,0.1628311399952917,1.255134314007156,0.3672060911922853
41.92394823149997,138.58294985143147,154.20683539857583,29.2616773662418,146.5531347656384,0.3747171634344795,1.6956978211818197,0.5225647059078938,3.244952829785446,2.2182625270897134
43.220906986843595,142.55127027822033,159.473182002863,26.819009301158662,139.29737590078568,0.27727658101266667,0.9137225474770808,0.4302050240765831,2.123923469834755,1.3439275715536638
36.14790567163474,139.81887181007184,156.43220861484656,18.674281501023263,146.47856825395695,0.09653724881844156,0.24476788315072276,0.18681681729818866,1.3102026182152284,0.4315847004489114
37.995568220127545,140.19191435711159,157.29131114766608,22.917783912099345,151.89606654347423,0.3392645697861824,1.4411656005682913,0.5009716168111957,2.8767410212611555,1.942137217379487
39.59635891637758,140.24758731274378,155.13075875351015,18.829102166922706,143.03169758778776,0.24075369603265506,0.7821804801818658,0.39504062913740057,1.9800000873070012,1.1772211093192664
43.099347843301004,139.88033943275815,153.33498338157935,29.289924873244658,140.64156071331593,0.30007243660714245,1.0762949134090614,0.45084526245419504,2.3872822962588205,1.5271401758632563
41.6956159290947,138.46863755703941,155.69341183233183,37.588607098180404,148.31571309126105,0.34130170547972855,1.4022411696078336,0.4799385407379382,2.9217098661253424,1.8821797103457718
35.643559131426635,142.66801333057896,161.46995599078096,30.151068376996477,150.6398788376574,0.27187375052874535,0.9450273226408041,0.42438090376745435,2.2268375279172448,1.3694082264082585
36.225693900975195,140.29459040057907,155.02724334566213,28.92689017262882,145.29382769314782,0.07415082299205747,0.1783641857074901,0.14469741328205651,1.232670174689353,0.3230615989895466
35.51083697966085,142.73707345047708,153.73033052861365,20.44263965411135,144.57362202962318,0.25168764131390514,0.8631463833903584,0.4129656293337158,2.0901167605230735,1.2761120127240742
42.41863168215996,138.62157724287812,155.68508918173507,31.19966348121494,142.6745154035522,0.22291561622390854,0.6726730424873256,0.35825079583636454,1.8776595901676023,1.03092383832369
36.19684168514912,143.0340927277235,158.61812468553427,22.61041573470716,136.2031470151866,0.22998469938220334,0.7022100214235598,0.3815880524104715,1.8402306282592873,1.0837980738340314
36.01563147992462,140.01895636558282,161.57953935099897,34.45074739361034,140.48370449302965,0.38784461130224196,1.6479121538683636,0.5310611691302813,3.103055259278604,2.1789733229986448
40.225913992323726,141.22202648664043,153.86563753479055,36.168419677804195,153.08964989511213,0.11976166168995621,0.31464557044411223,0.2194010942715586,1.4341112175797401,0.5340466647156709
44.064922911564665,142.24029694500916,154.0057197181842,32.579681673939206,152.35527252929182,0.28222478759966274,1.0398410092551258,0.4321508864922583,2.4061989498516367,1.471991895747384
38.314594281481114,142.09723807605346,152.3528544790173,29.074507037147647,152.16670192641917,0.29405358870440834,1.1503310252804986,0.45210197965303023,2.5444060788305563,1.6024330049335287
42.605887192473794,141.76798915450428,160.39821075214343,26.731720252474894,152.10426367416585,0.3713318594480576,1.663616144604083,0.5266191370517408,3.1590499234755898,2.1902352816558235
43.67406386808682,142.41850314828324,158.8531771028134,36.725197075826074,138.95335574442439,0.053210708248478664,0.11803987506209096,0.10253653521915114,1.151198202765527,0.22057641028124209
44.869263041678614,140.864946231412,152.5887702922737,24.156879833043448,149.70242141934105,0.25145125640422256,0.8596841494142697,0.40350847894937575,2.1305231346133024,1.2631926283636454
42.04725068308029,140.36785462442006,160.006051591073,32.77397076664024,147.55724200835175,0.07287042958830915,0.17023748488860296,0.1391485855389901,1.223422316721298,0.30938607042759303
38.68863395597221,142.98612287773665,157.0279831198672,32.685372573857336,145.4438882778861,0.29110613589657897,1.0466772340867778,0.44288329037878826,2.3633251848169254,1.489560524465566
39.43913254231712,143.11025213614673,161.13536953193247,19.48739529010054,139.09953479119756,0.1773024514368053,0.4934664443672769,0.3106930935579249,1.588276194737094,0.8041595379252018
39.92494602345441,142.89056890843307,157.91728560582436,27.704496173602827,147.56675574143483,0.151809655231268,0.4157099701480218,0.27085982209208825,1.5347790120259575,0.68656979224011
36.78706624827208,138.98881067981782,156.08557472412426,26.48729331513905,149.95133160488984,0.07581441219848686,0.1844147645281271,0.1483502682442548,1.2431036809754403,0.3327650327723819
35.36304121231772,138.30707764452646,156.40480686092585,21.40891160805108,135.21556198707412,0.07846184912861764,0.1864118523147303,0.1519763376793095,1.2265847115495332,0.33838818999403975
43.12612499464461,141.52318266090137,154.59850265791732,37.628063253308994,148.16794671178906,0.3757308947747168,1.7341554119139932,0.5161572174352036,3.3597426391343497,2.250312629349197
37.071401499431346,141.99577271050643,161.83890945693517,37.7060992322438,136.1121233048763,0.094800099802128,0.22121803966322626,0.17307942570608517,1.2781301923134853,0.39429746536931143
36.68774976370315,138.57859737897294,155.66557893705445,21.154625697026386,146.24616013267226,0.1789816821607365,0.5194633985245216,0.3117134264791308,1.666477457811076,0.8311768250036524
41.767791211651506,142.23746812965257,152.55111212233635,33.784152087063,143.21002342151147,0.09889902758890032,0.24508995563095975,0.1852054314774712,1.3233410795556124,0.43029538710843096
39.35820113535297,140.93560808561406,155.462898330595,19.988556733937052,140.82241130708093,0.30370740839941907,1.1148514961654603,0.4681168278285132,2.381566801041956,1.5829683239939736
39.39317510713998,143.13891643843795,152.06879422558984,30.77068782979986,154.8122521414047,0.23167058923673622,0.7890907980865266,0.38091830261260384,2.0715486566919745,1.1700091006991304
35.996760204532485,142.72592548870475,152.1425117299953,21.08664152259883,139.9215919905408,0.06630722639196654,0.1610270134171631,0.1341147514930685,1.200665934391904,0.2951417649102316
36.91610328814017,139.6891952628821,154.60724237924504,21.522404470878783,152.31051235734176,0.13878052633723326,0.3851695100140626,0.255765481102127,1.5059479815427659,0.6409349911161896
44.22783887944918,139.1575751987488,157.68283334629535,20.37426615949086,145.02484566958375,0.22617957427884627,0.6981554802344851,0.37126061279723105,1.8804997249083142,1.0694160930317163
43.922124374374604,139.27374545185563,157.11368971855268,35.456925294410226,138.6327240603567,0.18764647396680506,0.5131862698481784,0.30848226472572315,1.6635843564765742,0.8216685345739015
41.0036833161442,142.29906069637332,159.41141657327907,26.398932980353095,141.16809568622966,0.13750566282491894,0.3568247051108729,0.24729787741401396,1.4428943298752803,0.6041225825248868
39.384684952681575,141.1609966409002,161.8940481902681,25.364338233701538,142.8468881172929,0.34865810379491186,1.3642838904902244,0.5067154622697007,2.692406275465264,1.8709993527599251
39.23772188848913,141.33129089543215,154.96762090113336,30.680387194497147,152.95544425618078,0.21406716059874087,0.679859939475824,0.3550959444556025,1.9145809747788507,1.0349558839314266
36.11141326879516,142.8387850706902,157.53639097206508,22.22570719677642,147.1768250283961,0.33659432488581037,1.390357532060951,0.5040303129580934,2.7584799888346185,1.8943878450190443
38.60513641576733,139.47378151622885,155.7376434204443,33.23981522157163,148.91259100817604,0.06528861230588356,0.15368917900707077,0.12737023203044212,1.2066334225593487,0.28105941103751286
44.87968844189173,139.70689383410894,155.99373344817997,26.298583990564527,152.9936591687418,0.2355445180638016,0.7692203069155347,0.38046102676628735,2.0218110471221995,1.149681333681822
38.964178329317555,140.39294012637995,154.90534898071536,25.875834400111284,151.60376236998584,0.15503009835309217,0.43758313537699106,0.2771882641213,1.5786495750970932,0.714771399498291
35.3108933595775,139.95888032804154,156.54689259732223,23.27678754450381,151.77385597732734,0.29208351811975714,1.1083501427232603,0.45254312535418495,2.449159164346613,1.5608932680774452
40.51366894262935,142.57405176809226,160.32080603075633,29.317938010598294,135.0398624397793,0.38850076920497933,1.592135377705742,0.5440187924820119,2.9266183442704996,2.136154170187754
38.26296230192234,142.00822320064822,158.3140450029409,34.575529117983216,137.2766322070271,0.37428509780270147,1.5357464051526566,0.5224802700037853,2.939338561323149,2.0582266751564418
43.48646812170279,142.36692384974734,152.2278185081544,36.52674144598879,147.66466276959395,0.30999167734994004,1.2052019565949608,0.4569606980162592,2.637430225021405,1.66216265461122
36.16956141716582,142.3028020631235,158.42225975914008,30.266984403288518,146.20596236559172,0.10655900623100234,0.26849607806349884,0.19936287030995897,1.3467707284012072,0.4678589483734578
43.437650544547466,143.00734110578358,161.6579563430625,31.5654754260603,135.91606067088082,0.32464805785664996,1.1342598293927064,0.47609988214536075,2.38239888714444,1.6103597115380672
39.65493455221677,142.3375664503293,159.58399150623592,35.17125110799,141.0216105338298,0.36925602306703104,1.5219170416039114,0.515667508630631,2.9513533742806546,2.037584550234542
39.04120886548763,140.71185241714298,158.8636499208414,29.54781602632568,139.91130231691156,0.3662872628996265,1.4926691911216032,0.5189810377721861,2.876153621198066,2.011650228893789
38.63407997112551,139.32487234081432,152.50992543568577,28.582967163474066,142.29907151910444,0.22761632169738333,0.7152380228326441,0.37032468631948706,1.9313808915660378,1.0855627091521312
35.5338501223705,141.2690091438519,157.36104269161734,23.59619808456503,141.84230970025266,0.10048295340573343,0.25124878287765645,0.19127027338302074,1.3135798806254022,0.4425190562606772
37.06759257046476,142.53924627916862,159.70683767289813,32.97204098867459,136.31508430647003,0.301650387957936,1.0324190507472557,0.45282233292462143,2.279964956850121,1.4852413836718772
44.847703476637605,139.9808468258651,154.0384088225291,21.96039510749448,154.41548953083435,0.16290240900582575,0.4699299939052783,0.2895953726273609,1.6227123715473326,0.7595253665326391
41.07441435933232,139.4793985714242,160.2418317993252,30.854506289346382,151.98901460196797,0.3504576281662574,1.4724974857904298,0.4984719550610471,2.9540227305467877,1.9709694408514769
35.68397359347674,140.44472257006737,156.7483138123817,33.43677615514153,144.8539589748117,0.3866492800450996,1.7874524820270963,0.5333070628238831,3.351638496146031,2.3207595448509792
40.98078078679226,141.71243522774745,156.10376424852296,29.932850236492037,137.55447507717932,0.39737388799041873,1.7619621625990862,0.5495216384277942,3.206356291337568,2.3114838010268803
41.567056770251654,142.13328177037135,154.09547249125728,22.149885326256314,138.66031371976436,0.3680718370941433,1.5648135324461658,0.5337333427120008,2.9318264519414323,2.0985468751581666
38.255120238351175,142.60425244130255,156.59650000767292,25.70565378562587,150.2965107571248,0.19154652704235747,0.5774945722211473,0.3300348593730577,1.7497987131364552,0.9075294315942051
38.17583298976432,138.95974210227797,152.63066924758522,19.231727937194144,138.00432146928497,0.15590429027894387,0.4284706275777968,0.27967243790576995,1.5320445260400004,0.7081430654835668
37.54062639678421,142.14854764832785,152.79587769350312,23.004822715194813,135.6531266536944,0.1709724750250327,0.4801786959477414,0.3023120793206617,1.5883543159332942,0.782490775268403
35.58005176826586,142.74222192737156,155.8431061954633,29.46713075531693,144.88344151705687,0.16029836121519542,0.4472748509856917,0.2835975756464716,1.577146243109136,0.7308724266321633
38.4543674386753,138.16852721962516,153.91977199752424,36.88771193497871,146.74349062333468,0.16604231106807094,0.4605264447755942,0.2825589307252307,1.629842113266718,0.7430853755008249
40.55835293859509,142.90855958963533,161.29490011070487,25.423266375620447,146.05656493707863,0.14323574754350168,0.3803372620880997,0.2575181538621588,1.4769337865464895,0.6378554159502585
36.12246631386049,141.10031976239833,161.3688329630832,35.78147216731671,150.5479706492965,0.19113165444439872,0.5544946856164715,0.31871480563665355,1.7397832664498667,0.8732094912531251
44.649462252904314,140.0324692592218,153.44377370325918,20.873863323202542,136.41136699583797,0.05260599565265214,0.1208358990125311,0.10523205547846445,1.1482803263997816,0.22606795449099554
38.57447452060227,141.53979069237297,154.9856051823342,25.335723636904156,152.6616660984383,0.3478581970034568,1.5536628015988512,0.5094244719050114,3.0498393526107463,2.0630872735038626
39.06700353103648,139.87912407301374,152.8878049584905,30.990444954892943,147.88250988801775,0.30392498732477186,1.1683981612586758,0.4555642261177833,2.5647276372324144,1.623962387376459
39.269446079382845,138.33980057198644,159.80772609054378,25.343144574447813,136.5075703888493,0.2675029647511748,0.8484148605409755,0.41653714636010714,2.0368288109591526,1.2649520069010827
35.03681030407417,138.35535287297478,161.84668821755037,19.12330111174694,138.14208192964048,0.20418083274537435,0.5865302824652628,0.34410834946082913,1.7044930278043988,0.930638631926092
43.571057107305194,139.93361598356304,158.16341566573817,27.31824072502951,154.85052131571814,0.1689239338692446,0.48165508413393315,0.2935915015688407,1.6405620788072974,0.7752465857027738
36.40937236722069,138.41998137245963,156.8967524788356,22.788209388109266,148.750895393047,0.2896443807455182,1.0629211288391365,0.4469485173208016,2.378173520321166,1.5098696461599381
38.670087999692235,140.67030237480012,155.10874346693163,25.59169785146663,137.16702306132012,0.38294327822086455,1.656602138100522,0.5424144996366623,3.0541258377314784,2.1990166377371843
44.816336278450905,141.87126859093632,152.87875849987088,31.453363747494848,140.7456713364849,0.2188310110234089,0.6620053437989616,0.3566687926466647,1.856078685456453,1.0186741364456262
40.821627897851386,142.91976571488667,154.15825608282177,28.71903010835456,143.11615771551502,0.16094850101627847,0.4463853889166877,0.2837641814460987,1.5730857455012484,0.7301495703627865
35.73495789698321,139.88735842802217,158.59342108218596,32.67230175105598,142.8799358461863,0.17331413809595736,0.4777029577741252,0.29514356127525987,1.6185443982245808,0.7728465190493851
41.60945708912252,138.15066914784592,161.98977346012293,19.58939049753487,152.52210164235228,0.12469962864847393,0.3247806782369804,0.2293519627102731,1.4160797858410168,0.5541326409472536
43.03391583253456,141.12659194575832,155.4087759115227,24.62650145798379,145.42239290235975,0.06750902270850764,0.16056488059146548,0.1331720653765533,1.2056949040886096,0.2937369459680188
36.185569480006414,142.1032774757416,161.47246690384404,18.489142514238093,139.2748539069109,0.20988974474026062,0.6199436352064238,0.35637084792823964,1.7396025483298183,0.9763144831346635
41.38829769699407,139.30270411481698,161.99829875594384,20.73960562111977,142.6589582245006,0.15047454040961644,0.39680150497962896,0.266735025468289,1.4876242978701086,0.6635365304479179
42.4692703865884,139.7646340965471,158.48548811554465,24.7150979943533,143.32074612295656,0.12983115495617578,0.3336351749327948,0.23480895005883176,1.4208792929281528,0.5684441249916266
38.65595256751329,140.38275634240293,153.95624886346926,29.499242677667137,153.4341430632149,0.1854070642856358,0.558616702252266,0.31840195379710035,1.7544386759895356,0.8770186560493664
38.24897629669985,140.15219569213534,155.00901235142285,27.177941373524096,153.17038972570361,0.2220452011722071,0.7202154536811692,0.3671322746940518,1.9617328775612493,1.087347728375221
39.81862365214867,142.69497775487596,155.71807025558232,19.39528215491636,146.82399503112782,0.2047295965773155,0.6320376747440646,0.3515846077663926,1.7976830065439515,0.9836222825104572
38.76594055602512,138.4129748663675,157.9828751871624,18.547461559685907,141.73631719626613,0.05976230880719645,0.1395938164080419,0.11901172637017811,1.1729416979789415,0.25860554277822
38.875623881093446,140.8421758581842,158.9786129239684,21.374134530131833,148.7938811400714,0.10975854562964155,0.28178278357169334,0.20744680575494967,1.3583375388510652,0.489229589326643
43.76539238733708,140.72673468207842,158.77490610116385,24.955970868755053,135.45794121905905,0.13546234533798546,0.3425270811251188,0.24228502422880674,1.4137360830095982,0.5848121053539256
38.56520695317282,142.05468930407935,155.9174187850035,20.323919324432318,142.96496547350452,0.35594346417848594,1.5098194324395646,0.5239955104595724,2.8813594817164967,2.033814942899137
35.32397912173998,140.86788547032822,161.54573365002446,28.03611999911014,136.48698402076965,0.09914522593536751,0.23773459498374735,0.1844288689124999,1.289031356021262,0.42216346389624726
42.56845135588571,139.81057168539976,152.8363153179669,26.35900522468958,140.8734423815844,0.23904555014985096,0.7590104373979539,0.38496973992311356,1.9716106454225313,1.1439801773210676
36.28083043414138,140.5025480079137,158.40043660059928,30.12249516381576,145.243495385658,0.22784910147736126,0.7077615840400475,0.3694842789094969,1.9155391025808968,1.0772458629495445
42.47618124587831,140.04621765529623,154.52422660996925,30.825606319965193,139.77644427784838,0.2579940121308788,0.8333664246677366,0.40246588378606896,2.0706510992387943,1.2358323084538054
40.590424075658056,138.8284866833881,153.28013838676046,21.812432479703894,149.2760055300596,0.11086069981956992,0.2886416642899889,0.20942578001067766,1.3782527837560035,0.4980674443006665
43.39215038086712,138.81722587299814,155.78692868706338,29.367830992604127,154.51335797624319,0.2052430747849351,0.6311174493855711,0.34036930889108963,1.854213740485968,0.9714867582766608
41.741373358742464,142.5016591676157,153.90237598160294,26.788330128970607,139.4401720390223,0.0835155064767982,0.20196984708011886,0.16108344152095072,1.2538212815241496,0.36305328860106956
44.91737708839281,140.0745372053063,161.76445980497928,36.42773281527184,135.74548076854202,0.14228259392591774,0.35006705553473244,0.24320324993988043,1.4394012235497207,0.5932703054746129
44.18987743198135,138.50683885231456,155.1400130450748,32.0941090129242,148.69632131095062,0.3127513815647608,1.191275514198833,0.45784515024626316,2.6019179488044735,1.6491206644450962
36.90574584525223,139.69374543535525,156.00653039974634,22.507235865228413,148.11309944026314,0.12966137936932576,0.3465562827813519,0.23943890663349876,1.4473682980511358,0.5859951894148507
43.639599687372005,138.4704102874919,159.00593114040086,36.833437129679304,151.2982703160751,0.2793780358746117,0.9697218191555258,0.41714789851567824,2.3246474993786395,1.3868697176712041
41.64136175049737,139.46479423399975,154.92854727532634,23.977072203422278,143.22795450289306,0.3268775693240486,1.270006576156228,0.4846563999356109,2.6204267112225383,1.7546629760918389
42.15562231632934,140.48828096775904,156.15234159314403,35.685148618764885,154.97506487721446,0.12099371077319225,0.3159835722526176,0.22011356366502657,1.435547937125256,0.5360971359176442
35.15642189967585,142.41112198303887,155.24304936610085,32.90668292587287,139.46341142879675,0.2112530043906805,0.6315967107238951,0.3492332034604564,1.8085242309882792,0.9808299141843515
43.00660316274531,139.39978830274697,157.80131254224196,37.76835140530156,154.09403755416233,0.21027570421399272,0.6414885604631634,0.33972443545567854,1.8882614658045518,0.9812129959188419
35.192765904968375,140.47125631240226,160.99333821347886,18.635924380581066,141.92173567882983,0.1519363946933427,0.4098889577011159,0.2733763475544253,1.4993577950978838,0.6832653052555412
35.66342243676416,138.3767452803829,155.48095642299907,18.221433857338056,146.84808725163978,0.24445416570616313,0.8166722722474159,0.39950394283248275,2.044215800367851,1.2161762150798987
35.44636266020441,141.4459046057946,159.27355394660165,23.33845467939493,144.7771562797397,0.2526849349367133,0.8326027884656287,0.40728223221446014,2.0442894941393126,1.2398850206800889
42.74115501851895,140.93024083775651,160.46572149032673,22.744318781847184,149.54343549945372,0.22558950608295664,0.7036227055557073,0.37115547378075514,1.8957627066315166,1.0747781793364624
36.41854662288773,139.21001486819182,153.5596978079625,19.64805328162577,152.44699575451637,0.12641137373031064,0.34567175453704135,0.23764772579291737,1.454555280862458,0.5833194803299587
36.75744372256031,141.54639210377852,158.3478360043672,26.663419234884966,142.61561766651832,0.2905561528898234,1.0238108326245605,0.44726043938873145,2.289070846560446,1.471071272013292
44.96216586514166,138.5740552712477,155.26762013512368,20.404417925225314,149.5382800205673,0.37753323366663666,1.746111800383173,0.5344387871242903,3.2671876414110144,2.2805505875074634
42.0754446909381,140.74534909035629,156.70438122165106,23.792246443035836,153.44043259555556,0.32388770104282255,1.3249055168112094,0.4837580239747644,2.738777345593598,1.808663540785974
36.92566265026313,138.89794177841557,154.23687819927395,21.893486103805248,146.8062432588014,0.32053570754093036,1.281572275977677,0.4821377578647495,2.658103944510372,1.7637100338424265
44.17318183274354,140.16399397750936,152.31615791996796,31.657069220548795,143.68894497911856,0.3983447273442668,1.9160944443294807,0.5424885253041816,3.5320460340706696,2.458582969633662
41.676453444239435,141.1391829171123,158.5477349441807,34.28363774162949,149.2346470252988,0.1634788540924461,0.4496802201140168,0.2812493348502181,1.5988667861330166,0.730929554964235
39.24668800593194,140.7440563372283,154.83272691440374,31.210629099410497,154.8793744549745,0.10076402015322947,0.25852505661863173,0.19130814821459885,1.3513541322277225,0.4498332048332306
36.88852246554928,138.88823296511774,152.42615205365004,20.39021140201483,146.22429111955333,0.0625978684021137,0.151281482263989,0.1265098016668886,1.1958083901066132,0.2777912839308776
43.17067527948664,141.311770052699,157.39049351120852,27.76365220925167,150.66144323563833,0.30283964980717254,1.1400971587841184,0.45704352929955994,2.4945045399316106,1.5971406880836785
39.34642691017123,142.46278542968443,159.04341967689615,35.471461362804675,154.82536654433065,0.21936785319437202,0.6940728022418305,0.35768112711566835,1.9404792414931598,1.051753929357499
40.77170013351015,140.4189790568018,154.41056052390476,29.016889084001257,149.89741671607794,0.17501584336129444,0.5063329523321461,0.3025472062739902,1.6735667751418775,0.8088801586061363
37.50181298172297,142.0763062029006,157.31039469536094,24.79458920742629,152.9234670252202,0.2035267858144848,0.6339080077432552,0.3468453734224686,1.8276386433764975,0.9807533811657237
40.93462601374431,138.6627719998515,157.89994149977326,20.508510756129215,150.6050498822447,0.22948890666574867,0.7351255443129987,0.3770875925748301,1.949482186070916,1.1122131368878287
42.16068344138107,139.29734800230293,159.9582175399685,37.82708104858166,153.7361615458297,0.34712776332809664,1.462708997947926,0.4858253243630457,3.01077141226767,1.9485343223109717
37.12314684757581,138.54944652558348,159.73893782551625,35.88520112873636,144.37889595533585,0.3899165807873332,1.7428896976635233,0.527675485571671,3.3029574905783585,2.2705651832351945
43.56203851241352,138.2192930328596,159.71481619352724,32.818067490180624,150.94734857560428,0.0702779744954603,0.16359578241599515,0.13417723383919594,1.2192514164664903,0.2977730162551911
40.58055519143677,139.59896134632316,160.94317105344052,22.03743417151246,136.61580807103346,0.33404216762289085,1.2145844186561416,0.4943783003441164,2.456791525458782,1.708962719000258
38.834269038586584,140.92000568379805,154.5697407377191,18.019993711607118,148.3529926581057,0.36172184527126916,1.6443362370347296,0.530007751084876,3.1024758292099093,2.1743439881196056
37.361161627639014,141.4354370872615,156.68119475023641,33.057136424990276,147.09175790329638,0.39448894019319675,1.9064582531107443,0.5417349057504469,3.519171891775725,2.448193158861191
40.57687388932216,143.02168380985745,153.6876285713681,34.873531614840786,144.20279140701302,0.3684123218373689,1.6396744130190124,0.5176599364739567,3.1674740451958927,2.1573343494929693
37.58035675913115,140.38846870219533,159.05976471890176,27.51490198192395,139.55657590115513,0.05192261056182386,0.11771459529860547,0.10265687134723465,1.1466801369821449,0.22037146664584012
39.578872839336725,140.2618697556138,153.13125100929443,24.252749622363925,147.2766301456139,0.3932099912514755,1.953355193483313,0.5507075708331123,3.546991719268124,2.5040627643164255
38.64214033178549,142.0120425616296,157.20898856786673,19.40925625691346,153.99063829237087,0.18813551071039264,0.5746600595554252,0.3298303253665117,1.7422899453434295,0.9044903849219369
42.668898394039466,140.4900944403219,156.36823956680107,29.416145142184185,140.25708834615796,0.11910043243645539,0.29817613369832974,0.21625513343450223,1.378816442240152,0.5144312671328319
35.71556330425517,139.13375221408987,153.36570576616978,21.866529562978766,139.21436598937004,0.2015796639783894,0.6017870722716051,0.3429708220675162,1.7546305211734283,0.9447578943391213
37.486936537628225,138.2890091048459,154.71045432153127,36.303788787797636,138.79313724750313,0.20195549885209968,0.5791919790087681,0.32882447288762584,1.7614016801197887,0.9080164518963939
40.35481185750846,139.0882662375087,159.1616038841046,35.40495669866271,148.77404250314714,0.32523766251965974,1.2569707963552124,0.4678039612349431,2.6869605657826603,1.7247747575901555
43.2763060977648,139.7749947401372,156.060381842586,35.729007418478545,137.0080313479667,0.10684003800101295,0.2560145128631402,0.19257224458910605,1.3294465846280277,0.44858675745224624
44.92449358539181,141.38854976077613,153.6502842387509,27.387566631749692,145.8865815727889,0.06314082253493904,0.14895329766841833,0.12476035476583257,1.1939153102601736,0.2737136524342509
42.21712138599509,139.65967825508912,159.40649769803431,27.47647805141463,139.74675823463485,0.33354234864031906,1.2355825262273943,0.48605245970964256,2.5420764807270086,1.7216349859370368
35.20697245141754,142.44333558687293,157.0732963549617,23.477014571315173,152.36141125146645,0.3400226536266411,1.4762528786961913,0.5063278724023804,2.915606584507772,1.9825807510985718
36.98898800554073,141.6041265799754,155.01067253923992,21.45505761423262,137.48675462392336,0.2781453421717617,0.9554218466084946,0.4405360539260013,2.1687710644654317,1.395957900534496
41.41805898307651,139.0306038089055,153.608519667799,28.419624988265276,145.72997533620946,0.18199804561535798,0.5240288185164769,0.3100995386961741,1.6898729379597819,0.834128357212651
42.91674008954584,141.60935918864678,152.01017769170434,35.00646522741022,140.12298618736105,0.09558675160468488,0.23236429644418677,0.17804223284295856,1.3051077417633983,0.4104065292871453
41.94301757726011,139.14307717966435,154.89675660006796,33.52566082808211,151.66566573983647,0.07941729406558282,0.19185033165974097,0.1520510546869424,1.2617494305103059,0.3439013863466834
41.48431340182152,139.01852689447108,158.0451047120067,25.44772572366548,137.95146540400847,0.37102310340682415,1.5042572068831184,0.5258016851383667,2.8608831987430157,2.030058892021485
40.974153867877845,140.12495282136186,159.32430160111767,22.567327924281162,142.98169477496913,0.36065519741421753,1.479399015657216,0.5202823073027496,2.843454399452337,1.9996813229599657
39.88425532340729,139.56262501274642,159.85468343571532,19.29865391858662,149.24205432664934,0.30483135568105896,1.1401112818891714,0.46608899830451106,2.446123564462038,1.6062002801936826
43.94451940390157,140.6872172224214,160.03942443964056,36.40804098973761,136.8714169642024,0.07110183472941795,0.15949032091026058,0.13266556951117428,1.202198290769233,0.29215589042143486
43.11952875083404,141.82144556158636,158.08713106176168,31.58696589339094,135.48745748049376,0.1787206054803787,0.48148135786620216,0.30176398383216024,1.5955560758171854,0.7832453416983625
42.025595476547835,142.92082183370474,154.01394408356404,34.11862523396043,144.27114182337357,0.14439087998942773,0.3861256832676361,0.2559468689710755,1.5086165531928115,0.6420725522387116
35.803583543210884,140.02192718029352,155.6098960189849,37.78784608981163,144.6453030069203,0.23698094448865947,0.7522710574149231,0.37387407360723096,2.012097416001123,1.126145131022154
42.4994102422961,138.75848170791446,153.41578726439448,36.9364045658441,140.5515853225767,0.2561251046624611,0.8231465996278827,0.39253169997937426,2.097019424599683,1.215678299607257
41.15886782716993,140.30165652618578,160.6673742753884,18.24577188305041,152.77903782943966,0.3637530539314348,1.6134014128065575,0.5278182603692734,3.0567366344578266,2.141219673175831
40.49608551336413,142.86101514304042,154.76216048419795,35.63248880715085,148.44754571971825,0.08142035789591318,0.19784810735800404,0.1562898358180401,1.2659051455422092,0.35413794317604413
43.2941959316382,138.77959367653025,156.9156539571588,32.596345446369234,139.50233237635817,0.23114428471371162,0.691060295261745,0.36585549556550767,1.8888886558709852,1.0569157908272526
37.704092262513626,142.93819809069836,154.1871125896476,27.69594160433877,144.42176256834665,0.15787018697615057,0.4411027379623864,0.2814082606121321,1.5674832608071974,0.7225109985745185
37.85866738855569,142.95126637561856,160.86581469222963,37.039692066900784,143.6294326535925,0.1682544837459703,0.4562606768979843,0.2864203639693181,1.5929756899089054,0.7426810408673024
37.17790065686906,140.99651979519288,161.86742857962858,23.922162235963164,138.2668566048315,0.05040870078028122,0.11395350537529433,0.10016636016239545,1.1376424698925505,0.2141198655376898
39.4038481046167,138.4256557520449,155.2963831532498,32.94901718846229,140.3896821919911,0.14628367325217273,0.3819204990586023,0.2550224046010858,1.49759586674753,0.6369429036596881
37.018350845913915,140.31210969618408,156.17245568805774,28.492599004789327,137.88264836950768,0.3144694448315228,1.144137970242431,0.4699926468806304,2.4343741925243805,1.6141306171230614
41.04826691240104,140.647079758223,152.70579431989964,35.23969619790636,153.95860322815014,0.2571316529869277,0.9072939564041314,0.4018801015350936,2.2576234875488184,1.309174057939225
36.55230670040482,140.36053980241985,152.86454359125986,31.377888690749717,136.38931162095517,0.19775053808879106,0.5718899141315168,0.33093770683102897,1.7280893120574918,0.9028276209625458
44.282505223708775,142.03354450918152,158.2987610939071,20.981986366004755,149.96291822506737,0.1871811996221992,0.5506865853036174,0.3236682108106799,1.7013922495642462,0.8743547961142972
41.50176325510175,138.2945139368111,161.909367163666,30.664827982057076,143.0892737875615,0.2045549081915684,0.5802073129264176,0.33319699046491563,1.741334194276017,0.9134043033913333
35.91096137804024,139.59080348213968,155.63942376528453,26.62767825516118,151.86455465193586,0.33260732829707873,1.4053312714838861,0.490541453075279,2.8648573177121945,1.8958727245591651
35.65016994500924,138.48656976247676,154.02895856987303,25.09603403976,135.06347508757602,0.38565113516439953,1.6722413148750892,0.5443502651905362,3.071995040343671,2.2165915800656255
37.49901660733128,140.1494983534108,157.57236612945857,35.67871291436567,149.0186287976787,0.10463891423094662,0.2610065560997287,0.1931174063098545,1.3515434009140892,0.4541239624095832
39.66199550187682,139.85059218400067,153.47349486597867,30.093549271561223,135.66187373619334,0.09959544676625895,0.24182860220884422,0.18531179160693778,1.30498226859618,0.427140393815782
37.73724489160545,140.40056799790403,155.25319177407508,33.86208655830582,152.4368819742149,0.31286669612078205,1.2513469702108082,0.4627290195845642,2.704275974163586,1.7140759897953723
42.983872578432994,139.64165982477954,160.71085939419675,30.632384940506107,154.06560850010607,0.10437588078260643,0.26068001461229706,0.1934824567701213,1.3473056884015793,0.4541624713824184
41.11212247281134,141.40051528604084,156.2731993914457,25.818647208909937,143.136337193083,0.22116610763620653,0.6787757042586975,0.36476586147891094,1.860853155245015,1.0435415657376084
35.38031349526623,139.7551629334315,158.509632005996,20.612351036641012,139.78480654592025,0.14003648996871976,0.36939399957243974,0.25424252395078084,1.4529198099211413,0.6236365235232206
41.1491409109505,141.58195255556456,152.1185713038146,31.070135813342645,143.73520628598317,0.05628139358989285,0.1313288395565316,0.11200721729043973,1.1725033683855393,0.24333605684697135
44.899199805744736,143.00044553525134,155.962553540358,26.02136352036454,149.29060020135333,0.18600534762536652,0.5467102360644092,0.3200091126032277,1.7084208371974183,0.8667193486676368
36.85641592707498,142.87691846451975,157.2464844061303,25.30507453532036,140.58397365347568,0.10359345439229972,0.25940383058262095,0.19623127041831098,1.3219291198066623,0.45563510100093196
39.96757199069755,138.49236488975353,158.0577655538327,33.07924888353159,140.56584349391662,0.14465785655412272,0.37221361766342936,0.25137084441458823,1.4807350412108018,0.6235844620780175
41.12276072720447,141.99456188544298,156.12004473820937,19.72011302866106,135.11070000348994,0.21944687944968566,0.657684341494974,0.3683238675352545,1.7856142364491845,1.0260082090302285
41.207564314441946,141.3963121691939,159.72120774143187,30.423706674678385,145.50376451843516,0.1737379406787689,0.4810466444853226,0.29714414677785517,1.6188999504168353,0.7781907912631778
38.21180010052221,142.7765464759349,161.26867548601857,35.05771631191871,138.4045615572813,0.3532310875689295,1.357812143738649,0.5018061789079843,2.705849789840132,1.8596183226466332
36.17480623882808,142.83046369104576,154.3834040964313,22.532077065098235,145.79172136383647,0.34728816447371386,1.5000873554011862,0.5155458839775425,2.9097067826974077,2.0156332393787286
44.572397247153134,142.72217823346526,153.4249123911778,22.645461985946916,135.38589470900186,0.2600593786057853,0.8450262442482854,0.41685045006187654,2.027168842261898,1.261876694310162
43.06937448213723,141.9712252393396,153.85486239549047,37.498506137599335,136.0264197994366,0.11309921093209933,0.27633493435080725,0.20367272435379044,1.3567596506972561,0.4800076587045977
42.34476372830456,138.64603100511175,161.91699751891372,36.995961855629375,150.33298532096512,0.21785648232034643,0.6496222608582404,0.34621937376803774,1.876331338099752,0.9958416346262782
38.203040663975976,142.4707724003106,159.46279081809922,35.2565202488186,150.832675658304,0.1990445552002933,0.5933523519055097,0.3311236136729172,1.7919360849076176,0.9244759655784269
38.53313275800442,138.20875914060892,161.59474613067147,24.084163403136106,142.82658121450157,0.11149556910326722,0.27557205067275203,0.20501653004844336,1.3441455213764328,0.48058858072119537
39.416671332493834,140.681733178567,153.5345053225066,20.7180721302506,150.42252016821453,0.10897058536318123,0.28652842269334333,0.20864542431605515,1.3732792062542976,0.4951738470093985
37.335266389868025,142.04400780331684,158.7462300618103,33.253343502753694,146.9945852863434,0.20835140769887361,0.6257393406495241,0.34384616985174093,1.8198235010712185,0.969585510501265
35.475377246397194,139.26055401157342,158.25058656022952,36.035610531415436,154.73799789142464,0.3510751318569793,1.5583563332277588,0.49573938296032927,3.143499158614283,2.054095716188088
37.080051385963614,142.34068199965074,154.82976302597882,30.81497472898587,150.93913315445917,0.2523627272180356,0.8716608960728728,0.40318528288626077,2.161936293490082,1.2748461789591334
43.344185930237074,140.45243140729417,154.95445550118004,24.81495097482607,135.84796723261724,0.2137892665575376,0.6270482299218657,0.3541167276355332,1.7707388016056707,0.9811649575573989
35.00353988276029,142.48632783084912,156.7932697373629,36.193357649633754,150.02347474169744,0.11624955960100888,0.30098047621460416,0.21414440148533215,1.4055024279269792,0.5151248776999363
39.97871702677076,142.20902427889732,155.7536289158682,30.53421167732888,141.2376113411711,0.3999457608523976,1.8645546447596073,0.5513886639434422,3.38156144057191,2.4159433087030493
37.098343828194594,141.07261104546592,157.3839261454657,18.816471954502912,154.34575006779272,0.07090164558737447,0.17602035916791592,0.1433521446302372,1.227887867474485,0.31937250379815313
38.19688441861606,142.18388250689463,157.88214793864057,37.12080372334126,140.97015000302645,0.39263528927549884,1.7598678466308735,0.5350036152097785,3.2894503823881966,2.294871461840652
37.21739430683574,142.46920974854442,160.02157237715147,29.658302920251337,142.20067047518623,0.3437940201781814,1.3493724347050613,0.50005061478341,2.698471704288422,1.8494230494884714
38.024822602129255,141.1307632468879,154.27972452378708,26.88445694501186,145.11766791908863,0.1974057276653709,0.5920697240948095,0.335210073719427,1.766264711335542,0.9272797978142365
36.59470823780762,138.5046943529882,152.971667549612,20.239453717658574,141.37723258614213,0.3227207614166607,1.2659804100452272,0.4864050284609334,2.6027288699111524,1.7523854385061606
39.74535128876142,141.93559305647824,159.9936457072721,27.36752942491259,137.41415529787736,0.3870032118167569,1.6200324893463252,0.5439723604497485,2.9781522134817764,2.1640048497960738
36.36038827609104,142.39447601155427,160.63470989399926,35.1145486281833,141.67471718672837,0.384391894823244,1.6606084651019808,0.5310122470882482,3.1272507822705764,2.191620712190229
39.94202065882821,139.30611410258584,157.99131198310806,32.474141945241755,150.8706849723657,0.19699673289937303,0.5829531593554332,0.32721972516766734,1.7815342857363752,0.9101728845231005
38.32253142376864,142.4484882844393,157.5143850646673,19.33661399435961,141.04361200985733,0.2877139547232526,1.015309988255898,0.4529551438633885,2.241524358451962,1.4682651321192866
40.00122547085247,140.28477031501447,158.30007541290226,25.115044411711207,146.11381132627906,0.13846273249478336,0.36658942241877396,0.24967428371369338,1.4682706483265595,0.6162637061324674
44.15732467301633,138.1772366932195,156.30760189455697,35.97212457377199,139.68688786835114,0.3076573908287478,1.0762156017611864,0.44637087749199567,2.411034536590002,1.522586479253182
44.95307258499733,142.42702838577605,156.0185227143746,22.843677687969176,147.59925450224014,0.2007575329178677,0.6046707066831867,0.3411878981037217,1.7722513314331148,0.9458586047869084
38.41942941083068,139.28166285512208,152.57631628917406,37.506959030335906,149.33305938081392,0.37954049074422025,1.8459371427151527,0.5190162823127896,3.5566073852046953,2.3649534250279425
35.60542038989834,139.53977209673167,157.72569773473654,19.087178712737696,142.1890789550785,0.3096736506818026,1.1506551546986137,0.4741193513923621,2.426931428382846,1.6247745060909757
36.803319440143134,139.78345568622544,161.8898556519722,18.536888088858316,138.21004880685368,0.3053913594193395,1.0649327128950985,0.4689059388998986,2.271100927818359,1.5338386517949971
38.89305616986246,142.3837967326222,159.67227203831524,20.31427045637212,144.2475827258483,0.2520202742669121,0.8258887084662485,0.40890994459507346,2.019732509279254,1.234798653061322
43.02614443871356,140.78476597529092,155.77464554478942,22.12009181876911,141.30062016267246,0.14897264223211953,0.3997369305889852,0.26669052583849484,1.4988793821309645,0.66642745642748
40.54244303490576,142.7882752408409,159.64839727519816,26.50668170598795,142.80998262540948,0.27311126930482055,0.9160239801325458,0.4273638723977256,2.143428678220253,1.3433878525302714
35.011726073377645,140.23331728162057,152.53332905240444,29.57267617066075,153.8591455220684,0.3669676947124323,1.8053347229767698,0.5225671912500691,3.454741807762756,2.327901914226839
39.05049965536796,141.28258368758955,160.59891769563163,23.386243463412477,146.50073241300564,0.1536322191637095,0.4174838251308228,0.27371085538515594,1.5252731739241938,0.6911946805159788
44.07428039162192,139.19811859627828,161.2241932233149,30.743681378756015,145.58277525315964,0.14281340464027015,0.3677313703772719,0.24933551008724233,1.4748455615030642,0.6170668804645142
